outcome,study_year,incidence_mean,incidence_lo,incidence_hi,prevalence_mean,delta_mult,r_mult
overweight,2006,-0.025709752095454282,-0.08197936079737585,0.011023312387383117,0.35513924962453297,0.5,0.5
overweight,2007,-0.022831009286110936,-0.07113891393465697,0.010910501176500512,0.3360221655036658,0.5,0.5
overweight,2008,-0.018605655036335787,-0.05802774645526919,0.010769328582512328,0.3192312832979227,0.5,0.5
overweight,2009,-0.014889624030663436,-0.04679989276763408,0.010436506302308846,0.30470453665527714,0.5,0.5
overweight,2010,-0.011612490113282947,-0.03709869768336882,0.010110557340290293,0.292338309442746,0.5,0.5
overweight,2011,-0.008701844716390046,-0.029233960038161838,0.00985094104765011,0.2820092011732825,0.5,0.5
overweight,2012,-0.006087212241675136,-0.022739299192332967,0.009683847331400562,0.2735909231163616,0.5,0.5
overweight,2013,-0.00370197673807434,-0.017168267546315855,0.009799609099558218,0.266966262214321,0.5,0.5
overweight,2014,-0.0014838736239459723,-0.012551504111587845,0.009903984451216015,0.2620349133230072,0.5,0.5
overweight,2015,6.254682031488685e-4,-0.008743815069985604,0.010565518094991603,0.2587182448404585,0.5,0.5
overweight,2016,0.0026815696443815615,-0.005770588548787314,0.011949951768373225,0.2569619822000366,0.5,0.5
overweight,2017,0.004738485541299077,-0.0038583613588455048,0.014251988511578488,0.25673756642105355,0.5,0.5
overweight,2018,0.006850377727855158,-0.0030501397938920843,0.017505309962526416,0.2580426825078992,0.5,0.5
overweight,2019,0.009073182866826925,-0.002549993507682367,0.02166532986215803,0.2609011990244678,0.5,0.5
overweight,2020,0.011466304140348903,-0.002544668212434199,0.02698220267859746,0.26536252061809484,0.5,0.5
overweight,2021,0.014094246095165994,-0.0026823045684803825,0.03355995542716829,0.27150011831238624,0.5,0.5
overweight,2022,0.01702807078784493,-0.003039797426004087,0.04116549497659111,0.27940875778204943,0.5,0.5
overweight,2023,0.020346484924142497,-0.003326347600761071,0.050444614357256085,0.2891997015485653,0.5,0.5
overweight,2024,0.024136285429626963,-0.003757700833433465,0.0614914535307668,0.30099296485517957,0.5,0.5
overweight,2025,0.02849182793611393,-0.0043226612749388445,0.07431831379228615,0.3149056683732461,0.5,0.5
overweight,2026,0.03171523258545088,-0.0046794001657319804,0.08566839850114183,0.3310358377997322,0.5,0.5
obesity,2006,-0.024514881075227226,-0.06654283247080749,0.0013876364645916625,0.2277942526236332,0.5,0.5
obesity,2007,-0.021609081053477495,-0.05691127533014006,0.0015053319927429835,0.20655644721610783,0.5,0.5
obesity,2008,-0.017066070498146506,-0.04371920243325693,0.0016945500699373029,0.18881968043441957,0.5,0.5
obesity,2009,-0.013322351260893624,-0.033379671639249674,0.0019227804877282124,0.17417397471073606,0.5,0.5
obesity,2010,-0.010214963463378947,-0.02544397713996321,0.002275101343252731,0.16222561061679192,0.5,0.5
obesity,2011,-0.007603390115163397,-0.01921023951224524,0.0025787558239591733,0.1526235096260978,0.5,0.5
obesity,2012,-0.00536926225658325,-0.014351433866361927,0.0030461968585805744,0.1450708784482419,0.5,0.5
obesity,2013,-0.0034135565093231955,-0.010364913619134039,0.003587136053988737,0.13932792449752848,0.5,0.5
obesity,2014,-0.001652772440265434,-0.007156892039862006,0.004163661184101001,0.13521002772456825,0.5,0.5
obesity,2015,-1.4899313792081426e-5,-0.004713593477041927,0.005043627752346765,0.13258421822519742,0.5,0.5
obesity,2016,0.0015644804336548228,-0.002731777692968862,0.006322804900626992,0.13136562968501553,0.5,0.5
obesity,2017,0.003145877648504019,-0.0013320640866639486,0.008131928826058458,0.13151482616881238,0.5,0.5
obesity,2018,0.004789445302301538,-3.412592103470673e-4,0.010502560398143918,0.13303643625960535,0.5,0.5
obesity,2019,0.006558530341173244,3.3944008041085304e-4,0.013526458903878323,0.13597925339783634,0.5,0.5
obesity,2020,0.008523389363933126,9.088245294243847e-4,0.0173244915801733,0.14043776798551477,0.5,0.5
obesity,2021,0.010765209797650537,0.0012548029107138257,0.022189743453080814,0.1465548917091128,0.5,0.5
obesity,2022,0.013380508308937404,0.0016523439706049314,0.02806163836070997,0.15452532329521745,0.5,0.5
obesity,2023,0.016485826344877563,0.001975740672061055,0.03584681624886579,0.16459848172233202,0.5,0.5
obesity,2024,0.020222362176794312,0.002274997923286474,0.04562339775924147,0.1770790882171805,0.5,0.5
obesity,2025,0.024759727766420964,0.0024493749168915525,0.057905405528415825,0.19232225603380956,0.5,0.5
obesity,2026,0.027967492950249653,0.002580400450475791,0.06795793775000843,0.2107184998102839,0.5,0.5
overweight,2006,-0.02003967540147079,-0.07283099388852526,0.01439404664748274,0.35513924962453297,0.5,1
overweight,2007,-0.017676652990097016,-0.06337094468881453,0.014363061331073484,0.3360221655036658,0.5,1
overweight,2008,-0.013863614406395818,-0.05127116473237746,0.014180008544920967,0.3192312832979227,0.5,1
overweight,2009,-0.010477869531263269,-0.04122392161071711,0.014034681911775487,0.30470453665527714,0.5,1
overweight,2010,-0.007464844138705196,-0.03219586322098815,0.013709307997543023,0.292338309442746,0.5,1
overweight,2011,-0.004763945023540051,-0.02471337499419268,0.013419726154256562,0.2820092011732825,0.5,1
overweight,2012,-0.002313506704869383,-0.018727230754662722,0.013325131246407117,0.2735909231163616,0.5,1
overweight,2013,-5.3437653092389024e-5,-0.013468761149044947,0.013545616028746868,0.266966262214321,0.5,1
overweight,2014,0.0020737861347173373,-0.009084470810748004,0.013750158669292526,0.2620349133230072,0.5,1
overweight,2015,0.004123232946574249,-0.0053717522108664845,0.014366908019199306,0.2587182448404585,0.5,1
overweight,2016,0.006148327771087349,-0.002499177897710148,0.015714668932444265,0.2569619822000366,0.5,1
overweight,2017,0.008202094890388274,-5.737581343983075e-4,0.018114093907824088,0.25673756642105355,0.5,1
overweight,2018,0.010338663359753258,2.7338556210856327e-4,0.021374951426076656,0.2580426825078992,0.5,1
overweight,2019,0.0126149341404079,7.315480632966113e-4,0.025640093813683627,0.2609011990244678,0.5,1
overweight,2020,0.015092338027168258,7.619392358489193e-4,0.031012135495926192,0.26536252061809484,0.5,1
overweight,2021,0.01783861095092076,5.500119045254235e-4,0.03792454169246926,0.27150011831238624,0.5,1
overweight,2022,0.0209294804036171,1.8110069241224124e-4,0.04596618414008203,0.27940875778204943,0.5,1
overweight,2023,0.024450099035605934,-2.2003308519996282e-4,0.055746898554643945,0.2891997015485653,0.5,1
overweight,2024,0.028495994219466088,-5.820009173160828e-4,0.06747352500438954,0.30099296485517957,0.5,1
overweight,2025,0.03317326140163302,-0.0011577741415625489,0.08162746410173072,0.3149056683732461,0.5,1
overweight,2026,0.03679981223603526,-0.0015162286770060212,0.09381102864462192,0.3310358377997322,0.5,1
obesity,2006,-0.021509062899390783,-0.06161654084705916,0.0031485495594787004,0.2277942526236332,0.5,1
obesity,2007,-0.018976285742484122,-0.052889853169649045,0.0032280257227815324,0.20655644721610783,0.5,1
obesity,2008,-0.01472295599621723,-0.04051068276410509,0.003391291087683942,0.18881968043441957,0.5,1
obesity,2009,-0.011205251410278965,-0.03070988038080677,0.0035715376985978654,0.17417397471073606,0.5,1
obesity,2010,-0.008274304603406531,-0.023157110902634677,0.0039116566160272885,0.16222561061679192,0.5,1
obesity,2011,-0.005799769929359614,-0.017226638039320865,0.004205649717773723,0.1526235096260978,0.5,1
obesity,2012,-0.0036706412091595552,-0.012555283885360813,0.0046758966463025945,0.1450708784482419,0.5,1
obesity,2013,-0.0017932002448078912,-0.00875822035956539,0.005246224756895058,0.13932792449752848,0.5,1
obesity,2014,-8.770218229312735e-5,-0.005615814420731884,0.005809984396751806,0.13521002772456825,0.5,1
obesity,2015,0.0015153172742239176,-0.0032437614748047506,0.0067169848816641285,0.13258421822519742,0.5,1
obesity,2016,0.0030787176381301966,-0.0013044657311031926,0.008017802958423697,0.13136562968501553,0.5,1
obesity,2017,0.0046623094555514446,1.3319852546441748e-4,0.009805008575874146,0.13151482616881238,0.5,1
obesity,2018,0.0063263457034782025,0.0011484326824076053,0.01224643938927872,0.13303643625960535,0.5,1
obesity,2019,0.008135082116038124,0.0018145106351507582,0.015307504454812446,0.13597925339783634,0.5,1
obesity,2020,0.010160568344980006,0.0023594357025068283,0.01928354999939107,0.14043776798551477,0.5,1
obesity,2021,0.01248682125996022,0.0027565562932847167,0.024176309858792613,0.1465548917091128,0.5,1
obesity,2022,0.015214472026683046,0.0031076006567499793,0.030369113383368833,0.15452532329521745,0.5,1
obesity,2023,0.01846584064611409,0.0034798947717717865,0.038427752879819026,0.16459848172233202,0.5,1
obesity,2024,0.022390131415123596,0.0038600436504939877,0.048696627182267964,0.1770790882171805,0.5,1
obesity,2025,0.02716802279834367,0.004014366112574827,0.06170110947349815,0.19232225603380956,0.5,1
obesity,2026,0.03068444844532187,0.004145267393452146,0.07247938863280398,0.2107184998102839,0.5,1
overweight,2006,-0.014369598707487297,-0.06356400701809162,0.017698589683461066,0.35513924962453297,0.5,1.5
overweight,2007,-0.012522296694083095,-0.05593067280014383,0.017903032498457833,0.3360221655036658,0.5,1.5
overweight,2008,-0.009121573776455848,-0.04489963993070379,0.017596543597315942,0.3192312832979227,0.5,1.5
overweight,2009,-0.006066115031863101,-0.03536595416907497,0.017562836749826297,0.30470453665527714,0.5,1.5
overweight,2010,-0.003317198164127446,-0.02731916445171294,0.017457747858203806,0.292338309442746,0.5,1.5
overweight,2011,-8.260453306900559e-4,-0.020372888685889348,0.01717839857881513,0.2820092011732825,0.5,1.5
overweight,2012,0.0014601988319363707,-0.014723532465865401,0.017038892062269058,0.2735909231163616,0.5,1.5
overweight,2013,0.003595101431889562,-0.009819321048846126,0.017340205106311526,0.266966262214321,0.5,1.5
overweight,2014,0.005631445893380646,-0.005628407875699447,0.01759374867348292,0.2620349133230072,0.5,1.5
overweight,2015,0.007620997689999628,-0.002116386074061979,0.018171187303587372,0.2587182448404585,0.5,1.5
overweight,2016,0.009615085897793136,6.170588541946312e-4,0.019554190005581132,0.2569619822000366,0.5,1.5
overweight,2017,0.011665704239477468,0.0026995043773959688,0.02197949372049814,0.25673756642105355,0.5,1.5
overweight,2018,0.013826948991651357,0.003572215491808183,0.025361165046776095,0.2580426825078992,0.5,1.5
overweight,2019,0.016156685413988875,0.003992918801342342,0.02969719468800621,0.2609011990244678,0.5,1.5
overweight,2020,0.018718371913987612,0.004003194133804571,0.03527573694001174,0.26536252061809484,0.5,1.5
overweight,2021,0.021582975806675522,0.003882953960200868,0.04227435539300141,0.27150011831238624,0.5,1.5
overweight,2022,0.024830890019389266,0.003408941140289535,0.0508681800630422,0.27940875778204943,0.5,1.5
overweight,2023,0.02855371314706937,0.0028650169361030225,0.06127308466386744,0.2891997015485653,0.5,1.5
overweight,2024,0.03285570300930521,0.002549856663878861,0.07375342067706346,0.30099296485517957,0.5,1.5
overweight,2025,0.03785469486715211,0.0018987620065761758,0.08890896929257602,0.3149056683732461,0.5,1.5
overweight,2026,0.041884391886619646,0.0014358484952336232,0.10229313356378941,0.3310358377997322,0.5,1.5
obesity,2006,-0.018503244723554343,-0.05664316459377812,0.0048128775283494945,0.2277942526236332,0.5,1.5
obesity,2007,-0.01634349043149075,-0.048894946279781394,0.004921811647503755,0.20655644721610783,0.5,1.5
obesity,2008,-0.012379841494287952,-0.03713633874856541,0.005130555133503602,0.18881968043441957,0.5,1.5
obesity,2009,-0.009088151559664304,-0.028071323511248625,0.00531774741063524,0.17417397471073606,0.5,1.5
obesity,2010,-0.006333645743434114,-0.020893518185704615,0.005584045139902922,0.16222561061679192,0.5,1.5
obesity,2011,-0.003996149743555832,-0.015202145221800741,0.005893930558186641,0.1526235096260978,0.5,1.5
obesity,2012,-0.0019720201617358605,-0.010752504477315891,0.006353435495631417,0.1450708784482419,0.5,1.5
obesity,2013,-1.728439802925871e-4,-0.007134155651218653,0.006907167198079653,0.13932792449752848,0.5,1.5
obesity,2014,0.0014773680756791795,-0.004114208817485589,0.007514828346967318,0.13521002772456825,0.5,1.5
obesity,2015,0.0030455338622399166,-0.0018127927294133625,0.008397209203114948,0.13258421822519742,0.5,1.5
obesity,2016,0.004592954842605569,9.636729289370517e-5,0.009676879461017062,0.13136562968501553,0.5,1.5
obesity,2017,0.00617874126259887,0.0015284911987273459,0.011505532620674462,0.13151482616881238,0.5,1.5
obesity,2018,0.007863246104654867,0.0025866282688058566,0.014003764252758684,0.13303643625960535,0.5,1.5
obesity,2019,0.009711633890903003,0.0032861273157903615,0.017096007088349675,0.13597925339783634,0.5,1.5
obesity,2020,0.011797747326026885,0.0038347700804436217,0.02116677710347632,0.14043776798551477,0.5,1.5
obesity,2021,0.014208432722269904,0.004267309114293321,0.026277242652532718,0.1465548917091128,0.5,1.5
obesity,2022,0.017048435744428686,0.004637164313776407,0.032800731103483576,0.15452532329521745,0.5,1.5
obesity,2023,0.020445854947350614,0.004993945365376112,0.041004323866129816,0.16459848172233202,0.5,1.5
obesity,2024,0.02455790065345288,0.005360988465663423,0.05160474951181684,0.1770790882171805,0.5,1.5
obesity,2025,0.029576317830266367,0.0056643468340660625,0.06548927849521743,0.19232225603380956,0.5,1.5
obesity,2026,0.03340140394039408,0.005704740992785154,0.07680743146404402,0.2107184998102839,0.5,1.5
overweight,2006,-0.02499947359620522,-0.0809417609335627,0.011476275329896257,0.35513924962453297,1,0.5
overweight,2007,-0.022158964955103607,-0.07026831916877141,0.01139660875572084,0.3360221655036658,1,0.5
overweight,2008,-0.017967192469739945,-0.05718258434130877,0.011261051976556996,0.3192312832979227,1,0.5
overweight,2009,-0.014280214957352884,-0.0460865299153657,0.010959900060133468,0.30470453665527714,1,0.5
overweight,2010,-0.011027813494397454,-0.0364591986114659,0.01066772568249965,0.292338309442746,1,0.5
overweight,2011,-0.008137826314043481,-0.02860594450898742,0.01036072418667794,0.2820092011732825,1,0.5
overweight,2012,-0.0055400303954424145,-0.0221781494280196,0.010248331549823084,0.2735909231163616,1,0.5
overweight,2013,-0.003168044213645698,-0.016639871526469206,0.010346909458327285,0.266966262214321,1,0.5
overweight,2014,-9.598037972999577e-4,-0.012022408424964964,0.010470426759867134,0.2620349133230072,1,0.5
overweight,2015,0.0011429046928297852,-0.008223585749145494,0.011059287699716043,0.2587182448404585,1,0.5
overweight,2016,0.0031954936087816347,-0.005281137816682238,0.01249416535010501,0.2569619822000366,1,0.5
overweight,2017,0.005251960674141185,-0.00336030303227171,0.01483156805846321,0.25673756642105355,1,0.5
overweight,2018,0.007366463092870956,-0.0025612927323792637,0.018051064554059873,0.2580426825078992,1,0.5
overweight,2019,0.009594985264875861,-0.0020435967795620832,0.022213314668674662,0.2609011990244678,1,0.5
overweight,2020,0.011997029181585092,-0.0020407047570331614,0.027550136789161656,0.26536252061809484,1,0.5
overweight,2021,0.014637246331790768,-0.002180049723121748,0.034149167124510736,0.27150011831238624,1,0.5
overweight,2022,0.01758688830340903,-0.0025132889187151055,0.04181400292501906,0.27940875778204943,1,0.5
overweight,2023,0.020924884327239626,-0.0028464489226502233,0.051148413246316284,0.2891997015485653,1,0.5
overweight,2024,0.024738271359337323,-0.0033014403876726536,0.06221643833135214,0.30099296485517957,1,0.5
overweight,2025,0.029121639272860423,-0.003791805296462135,0.07516146254725807,0.3149056683732461,1,0.5
overweight,2026,0.032377304261050344,-0.0041945185987664144,0.08654796522871713,0.3310358377997322,1,0.5
obesity,2006,-0.023375909812109057,-0.06490371133616057,0.0021173183292050026,0.2277942526236332,1,0.5
obesity,2007,-0.020576298817396955,-0.05554563712292555,0.002230523896254613,0.20655644721610783,1,0.5
obesity,2008,-0.016121972095974407,-0.042459626916938754,0.002426756526383891,0.18881968043441957,1,0.5
obesity,2009,-0.012451481387339945,-0.03229299877792511,0.00260084462452347,0.17417397471073606,1,0.5
obesity,2010,-0.009403835410294988,-0.024516218734488726,0.0029609944065200192,0.16222561061679192,1,0.5
obesity,2011,-0.006840272567032907,-0.018385449198163265,0.003281702099197963,0.1526235096260978,1,0.5
obesity,2012,-0.00464390786434204,-0.0135851356698689,0.0037564807624191187,0.1450708784482419,1,0.5
obesity,2013,-0.0027169168868355536,-0.009684848409241806,0.004295363355447663,0.13932792449752848,1,0.5
obesity,2014,-9.767223016425928e-4,-0.006488434908980496,0.004885301130840488,0.13521002772456825,1,0.5
obesity,2015,6.480217773339057e-4,-0.004078417623720068,0.005769541862578129,0.13258421822519742,1,0.5
obesity,2016,0.0022213085820799003,-0.0020940743732431864,0.007030138571169914,0.13136562968501553,1,0.5
obesity,2017,0.003803451779348081,-6.981555927328733e-4,0.008844310512604994,0.13151482616881238,1,0.5
obesity,2018,0.005454627483599564,3.056989783547907e-4,0.011245834025662408,0.13303643625960535,1,0.5
obesity,2019,0.007238426608162425,9.919389840918683e-4,0.014274645458721747,0.13597925339783634,1,0.5
obesity,2020,0.009225578203860699,0.0015403139419790028,0.018151006015886446,0.14043776798551477,1,0.5
obesity,2021,0.0114979842561961,0.0018916834534081772,0.023004223079766527,0.1465548917091128,1,0.5
obesity,2022,0.014153134925413492,0.0022787639470328723,0.02900661011868411,0.15452532329521745,1,0.5
obesity,2023,0.017308818753489223,0.0026320578014374842,0.036873228522262616,0.16459848172233202,1,0.5
obesity,2024,0.021107757617880214,0.0029656755833852677,0.0468122596070234,0.1770790882171805,1,0.5
obesity,2025,0.025721339046590012,0.0030965372473409298,0.059282250914371844,0.19232225603380956,1,0.5
obesity,2026,0.029021085449301074,0.0032791840608617077,0.0694486317035809,0.2107184998102839,1,0.5
overweight,2006,-0.019329396902221727,-0.07188722868737592,0.014924866360396362,0.35513924962453297,1,1
overweight,2007,-0.017004608659089683,-0.06252711035563929,0.014839127474090556,0.3360221655036658,1,1
overweight,2008,-0.013225151839799972,-0.05045303169684862,0.01470292079756843,0.3192312832979227,1,1
overweight,2009,-0.009868460457952715,-0.04046830744827871,0.014565146791864601,0.30470453665527714,1,1
overweight,2010,-0.006880167519819703,-0.03153891723462462,0.014279018926476102,0.292338309442746,1,1
overweight,2011,-0.004199926621193486,-0.024143350971458536,0.013951320146438819,0.2820092011732825,1,1
overweight,2012,-0.0017663248586366593,-0.018139630504195193,0.013881866078803354,0.2735909231163616,1,1
overweight,2013,4.8049487133625357e-4,-0.012933803208498637,0.01411681768722396,0.266966262214321,1,1
overweight,2014,0.0025978559613633514,-0.008553597606071084,0.014277776289910556,0.2620349133230072,1,1
overweight,2015,0.004640669436255165,-0.004888319913695714,0.014914531689398812,0.2587182448404585,1,1
overweight,2016,0.006662251735487421,-0.002002907808188871,0.016272984871325072,0.2569619822000366,1,1
overweight,2017,0.00871557002323038,-7.61435675537875e-5,0.018684334372189186,0.25673756642105355,1,1
overweight,2018,0.010854748724769056,7.757045683971179e-4,0.021953039259824118,0.2580426825078992,1,1
overweight,2019,0.013136736538456836,0.0012233292506571183,0.026196467132719153,0.2609011990244678,1,1
overweight,2020,0.015623063068404448,0.0012555238593406765,0.0315979955431337,0.26536252061809484,1,1
overweight,2021,0.01838161118754553,0.001035595051422482,0.0385237542367876,0.27150011831238624,1,1
overweight,2022,0.021488297919181196,6.387028240673991e-4,0.04663412085356369,0.27940875778204943,1,1
overweight,2023,0.025028498438703063,2.471239833439984e-4,0.056513486386909534,0.2891997015485653,1,1
overweight,2024,0.029097980149176448,-9.31603094892593e-5,0.06821619440962506,0.30099296485517957,1,1
overweight,2025,0.033803072738379514,-6.816764142478564e-4,0.08247148024195548,0.3149056683732461,1,1
overweight,2026,0.03746188391163473,-0.0010651180156874105,0.0947169076703435,0.3310358377997322,1,1
obesity,2006,-0.020370091636272618,-0.05990967249584013,0.0038493134846882765,0.2277942526236332,1,1
obesity,2007,-0.017943503506403585,-0.051446418756315504,0.003948665527399363,0.20655644721610783,1,1
obesity,2008,-0.013778857594045131,-0.039214468085207,0.004130390810286401,0.18881968043441957,1,1
obesity,2009,-0.010334381536725284,-0.029686674559020465,0.004301702690951799,0.17417397471073606,1,1
obesity,2010,-0.007463176550322571,-0.022243086062455168,0.00461110671428897,0.16222561061679192,1,1
obesity,2011,-0.0050366523812291255,-0.016385401366282994,0.004960785523391257,0.1526235096260978,1,1
obesity,2012,-0.0029452868169183456,-0.011790993944220767,0.005405606627815594,0.1450708784482419,1,1
obesity,2013,-0.0010965606223202488,-0.008039489794072438,0.005977650724178724,0.13932792449752848,1,1
obesity,2014,5.883479563297141e-4,-0.004942455942652944,0.006534165956716061,0.13521002772456825,1,1
obesity,2015,0.0021782383653499047,-0.0026009744294375444,0.007439003339937099,0.13258421822519742,1,1
obesity,2016,0.0037355457865552743,-6.843558557501738e-4,0.00872681903636964,0.13136562968501553,1,1
obesity,2017,0.005319883586395507,7.665377377650001e-4,0.010547361132760098,0.13151482616881238,1,1
obesity,2018,0.00699152788477623,0.0017769343634156376,0.012986396178197019,0.13303643625960535,1,1
obesity,2019,0.008814978383027305,0.0024721609989518637,0.016070259116820196,0.13597925339783634,1,1
obesity,2020,0.01086275718490758,0.0029847165434647265,0.020075134479590657,0.14043776798551477,1,1
obesity,2021,0.013219595718505785,0.0034145508965718733,0.02503574790126897,0.1465548917091128,1,1
obesity,2022,0.015987098643159132,0.003780703937330604,0.03131777034802334,0.15452532329521745,1,1
obesity,2023,0.01928883305472575,0.004169496582515097,0.03944279536190435,0.16459848172233202,1,1
obesity,2024,0.023275526856209497,0.004511600687029686,0.04985040573512501,0.1770790882171805,1,1
obesity,2025,0.028129634078512714,0.0047152395453993225,0.06307071499226123,0.19232225603380956,1,1
obesity,2026,0.03173804094437328,0.004881201417790389,0.07388423288528041,0.2107184998102839,1,1
overweight,2006,-0.013659320208238233,-0.06261417600931557,0.018182211278169977,0.35513924962453297,1,1.5
overweight,2007,-0.011850252363075763,-0.05514621062734295,0.018403023063095506,0.3360221655036658,1,1.5
overweight,2008,-0.00848311120986,-0.044115775451140794,0.018126139533142075,0.3192312832979227,1,1.5
overweight,2009,-0.005456705958552546,-0.034686109051671854,0.0180936637790526,0.30470453665527714,1,1.5
overweight,2010,-0.002732521545241954,-0.026668541452233522,0.018004521919282337,0.292338309442746,1,1.5
overweight,2011,-2.6202692834349106e-4,-0.019781313388442287,0.01772092687594441,0.2820092011732825,1,1.5
overweight,2012,0.002007380678169094,-0.014144981701261156,0.01761067404985093,0.2735909231163616,1,1.5
overweight,2013,0.004129033956318203,-0.009282915797708671,0.01789861138293251,0.266966262214321,1,1.5
overweight,2014,0.006155515720026661,-0.00513114174353363,0.018140540165421028,0.2620349133230072,1,1.5
overweight,2015,0.008138434179680545,-0.0016331935954172038,0.01871315610944166,0.2587182448404585,1,1.5
overweight,2016,0.010129009862193207,0.0011130942573811587,0.02008408683168891,0.2569619822000366,1,1.5
overweight,2017,0.012179179372319576,0.0031945074251865076,0.022536715177273355,0.25673756642105355,1,1.5
overweight,2018,0.014343034356667155,0.004065040398232355,0.02590685297420511,0.2580426825078992,1,1.5
overweight,2019,0.01667848781203781,0.004501516820312103,0.030249901342808045,0.2609011990244678,1,1.5
overweight,2020,0.019249096955223803,0.004495384332582422,0.03582252341991753,0.26536252061809484,1,1.5
overweight,2021,0.022125976043300296,0.004378080237476667,0.04286118832547347,0.27150011831238624,1,1.5
overweight,2022,0.025389707534953367,0.0038899867076756614,0.05152985575380529,0.27940875778204943,1,1.5
overweight,2023,0.029132112550166497,0.003389670251013704,0.06197139877420037,0.2891997015485653,1,1.5
overweight,2024,0.03345768893901557,0.003011650965846348,0.07450769526890598,0.30099296485517957,1,1.5
overweight,2025,0.0384845062038986,0.0023969140584563717,0.0897573999818979,0.3149056683732461,1,1.5
overweight,2026,0.04254646356221911,0.0018790757890149972,0.10325709489848074,0.3310358377997322,1,1.5
obesity,2006,-0.017364273460436175,-0.05497117603310594,0.005551920152148742,0.2277942526236332,1,1.5
obesity,2007,-0.015310708195410212,-0.04745474802463625,0.005646272014612664,0.20655644721610783,1,1.5
obesity,2008,-0.011435743092115853,-0.03597824518501628,0.00583695232860283,0.18881968043441957,1,1.5
obesity,2009,-0.008217281686110625,-0.027025672908129083,0.006074028632333485,0.17417397471073606,1,1.5
obesity,2010,-0.005522517690350154,-0.01999468119641487,0.006308632116671832,0.16222561061679192,1,1.5
obesity,2011,-0.0032330321954253433,-0.014360016298136094,0.006633393317092821,0.1526235096260978,1,1.5
obesity,2012,-0.001246665769494651,-0.00999494324759892,0.007075324088071428,0.1450708784482419,1,1.5
obesity,2013,5.237956421950555e-4,-0.006435001494236393,0.007631080121488854,0.13932792449752848,1,1.5
obesity,2014,0.002153418214302021,-0.003468705317794529,0.008241555033119062,0.13521002772456825,1,1.5
obesity,2015,0.003708454953365904,-0.0012002624775716228,0.009108127061486686,0.13258421822519742,1,1.5
obesity,2016,0.005249782991030647,6.922743258949399e-4,0.01040214871521717,0.13136562968501553,1,1.5
obesity,2017,0.006836315393442932,0.0021728974360474803,0.012220329974723363,0.13151482616881238,1,1.5
obesity,2018,0.008528428285952894,0.0032281174519472665,0.014747012300669432,0.13303643625960535,1,1.5
obesity,2019,0.010391530157892185,0.0039034748324761263,0.01790988735135698,0.13597925339783634,1,1.5
obesity,2020,0.01249993616595446,0.004456326652480334,0.02194130385272148,0.14043776798551477,1,1.5
obesity,2021,0.014941207180815467,0.0049237891618557576,0.027109819369358457,0.1465548917091128,1,1.5
obesity,2022,0.017821062360904773,0.0052831279082943385,0.03374596852029631,0.15452532329521745,1,1.5
obesity,2023,0.021268847355962274,0.0056377589809149566,0.04202966609844851,0.16459848172233202,1,1.5
obesity,2024,0.025443296094538784,0.006014552450202573,0.05275217373898223,0.1770790882171805,1,1.5
obesity,2025,0.030537929110435416,0.006355274338757858,0.06685984991132948,0.19232225603380956,1,1.5
obesity,2026,0.0344549964394455,0.006388915368612605,0.07828875800228775,0.2107184998102839,1,1.5
overweight,2006,-0.02428919509695615,-0.0799041564313857,0.01198847118739585,0.35513924962453297,1.5,0.5
overweight,2007,-0.021486920624096274,-0.06940259506918732,0.011882873326638363,0.3360221655036658,1.5,0.5
overweight,2008,-0.0173287299031441,-0.05639835880596283,0.011752356958238966,0.3192312832979227,1.5,0.5
overweight,2009,-0.013670805884042328,-0.04536735673760962,0.01148176691498936,0.30470453665527714,1.5,0.5
overweight,2010,-0.010443136875511962,-0.035821360791527083,0.011175891221702794,0.292338309442746,1.5,0.5
overweight,2011,-0.007573807911696917,-0.027928716740396545,0.010871987851459038,0.2820092011732825,1.5,0.5
overweight,2012,-0.004992848549209689,-0.021581873941960917,0.01074337765163379,0.2735909231163616,1.5,0.5
overweight,2013,-0.0026341116892170556,-0.016100356055525282,0.01089110301532432,0.266966262214321,1.5,0.5
overweight,2014,-4.357339706539434e-4,-0.0115459087798261,0.011016526145979791,0.2620349133230072,1.5,0.5
overweight,2015,0.0016603411825107026,-0.007727841611192441,0.011614155957061221,0.2587182448404585,1.5,0.5
overweight,2016,0.0037094175731817083,-0.0047881653709337885,0.013046430259349703,0.2569619822000366,1.5,0.5
overweight,2017,0.005765435806983292,-0.0028641074339587906,0.015399616263191841,0.25673756642105355,1.5,0.5
overweight,2018,0.007882548457886754,-0.002059429463253538,0.018622918402064242,0.2580426825078992,1.5,0.5
overweight,2019,0.010116787662924797,-0.0015522446378907222,0.022802801304889268,0.2609011990244678,1.5,0.5
overweight,2020,0.012527754222821283,-0.0015635178761107494,0.02811038196471744,0.26536252061809484,1.5,0.5
overweight,2021,0.01518024656841554,-0.0017100214325137073,0.034778201810869436,0.27150011831238624,1.5,0.5
overweight,2022,0.018145705818973127,-0.0020641653378675805,0.04244102433252565,0.27940875778204943,1.5,0.5
overweight,2023,0.021503283730336758,-0.0024039640668724544,0.051838743750835484,0.2891997015485653,1.5,0.5
overweight,2024,0.02534025728904768,-0.002837587029804099,0.06296712854954961,0.30099296485517957,1.5,0.5
overweight,2025,0.029751450609606916,-0.0033538482816681944,0.07600661596689863,0.3149056683732461,1.5,0.5
overweight,2026,0.03303937593664981,-0.0036821194715161887,0.08743168829050758,0.3310358377997322,1.5,0.5
obesity,2006,-0.022236938548990892,-0.06326452231210111,0.0028751452705862274,0.2277942526236332,1.5,0.5
obesity,2007,-0.01954351658131642,-0.05406411032654708,0.0029785574970554907,0.20655644721610783,1.5,0.5
obesity,2008,-0.01517787369380231,-0.041265751894223754,0.0031483143782388245,0.18881968043441957,1.5,0.5
obesity,2009,-0.011580611513786265,-0.03123187124523065,0.003328955616844991,0.17417397471073606,1.5,0.5
obesity,2010,-0.008592707357211028,-0.02355662421026096,0.0036774451783328894,0.16222561061679192,1.5,0.5
obesity,2011,-0.006077155018902419,-0.01756577119172917,0.003975549448764303,0.1526235096260978,1.5,0.5
obesity,2012,-0.003918553472100831,-0.012839279224006413,0.004447249265530159,0.1450708784482419,1.5,0.5
obesity,2013,-0.0020202772643479108,-0.008983869184281222,0.005000048202439854,0.13932792449752848,1.5,0.5
obesity,2014,-3.006721630197518e-4,-0.00580615685561083,0.005587172283852446,0.13521002772456825,1.5,0.5
obesity,2015,0.0013109428684598928,-0.003438630192230996,0.006477207130130355,0.13258421822519742,1.5,0.5
obesity,2016,0.002878136730504978,-0.0014758250277164676,0.0077711094866853665,0.13136562968501553,1.5,0.5
obesity,2017,0.004461025910192143,-5.2466754414203676e-5,0.009541623502214724,0.13151482616881238,1.5,0.5
obesity,2018,0.006119809664897591,9.573357505017197e-4,0.011988064122797673,0.13303643625960535,1.5,0.5
obesity,2019,0.007918322875151608,0.0016322602594112004,0.015019310848520751,0.13597925339783634,1.5,0.5
obesity,2020,0.009927767043788274,0.0021549855225289163,0.018951368377640485,0.14043776798551477,1.5,0.5
obesity,2021,0.012230758714741665,0.0025478120799681263,0.02384005128160931,0.1465548917091128,1.5,0.5
obesity,2022,0.01492576154188958,0.002923260836936124,0.029971315837787327,0.15452532329521745,1.5,0.5
obesity,2023,0.018131811162100882,0.0032714506173690057,0.03789729054429507,0.16459848172233202,1.5,0.5
obesity,2024,0.021993153058966118,0.003645638541302565,0.04798995853377672,0.1770790882171805,1.5,0.5
obesity,2025,0.02668295032675906,0.0038364184871567193,0.06066146151776669,0.19232225603380956,1.5,0.5
obesity,2026,0.030074677948352495,0.003934708560050471,0.07108478915907168,0.2107184998102839,1.5,0.5
overweight,2006,-0.01861911840297266,-0.07094345732229916,0.015444761190732124,0.35513924962453297,1.5,1
overweight,2007,-0.016332564328082354,-0.06168255062353544,0.015329067282908934,0.3360221655036658,1.5,1
overweight,2008,-0.012586689273204128,-0.04963489866131979,0.01519830601877925,0.3192312832979227,1.5,1
overweight,2009,-0.009259051384642161,-0.03972106246974625,0.01509137043024504,0.30470453665527714,1.5,1
overweight,2010,-0.006295490900934211,-0.030882689462979705,0.014834883109201875,0.292338309442746,1.5,1
overweight,2011,-0.003635908218846921,-0.02354256583987919,0.014477139873169263,0.2820092011732825,1.5,1
overweight,2012,-0.0012191430124039364,-0.01758698953569395,0.014435755247825269,0.2735909231163616,1.5,1
overweight,2013,0.0010144273957648955,-0.0124044184850436,0.014664849696472648,0.266966262214321,1.5,1
overweight,2014,0.0031219257880093663,-0.008025579977761606,0.014834454309976033,0.2620349133230072,1.5,1
overweight,2015,0.005158105925936083,-0.00441257753987475,0.015445707694420408,0.2587182448404585,1.5,1
overweight,2016,0.007176175699887495,-0.0015069793118961203,0.016837785895008638,0.2569619822000366,1.5,1
overweight,2017,0.009229045156072488,4.219945990139213e-4,0.01922485498984795,0.25673756642105355,1.5,1
overweight,2018,0.011370834089784855,0.0012760608761737794,0.022493427811995734,0.2580426825078992,1.5,1
overweight,2019,0.013658538936505772,0.0017154066639877231,0.026792423663118542,0.2609011990244678,1.5,1
overweight,2020,0.01615378810964064,0.0017494766103838676,0.03217474223890374,0.26536252061809484,1.5,1
overweight,2021,0.018924611424170304,0.0015670679387269372,0.0391414571699901,0.27150011831238624,1.5,1
overweight,2022,0.022047115434745298,0.001157798144325496,0.0472981134762774,0.27940875778204943,1.5,1
overweight,2023,0.025606897841800192,7.265576029767874e-4,0.05721659993056971,0.2891997015485653,1.5,1
overweight,2024,0.029699966078886805,3.294690593098406e-4,0.06899011353878694,0.30099296485517957,1.5,1
overweight,2025,0.034432884075126007,-2.2629989186766691e-4,0.08333749295703224,0.3149056683732461,1.5,1
overweight,2026,0.03812395558723419,-6.359466940204641e-4,0.09562278669606507,0.3310358377997322,1.5,1
obesity,2006,-0.01923112037315445,-0.058251200650744704,0.004560390301252626,0.2277942526236332,1.5,1
obesity,2007,-0.016910721270323045,-0.0499819859940553,0.004677229948113227,0.20655644721610783,1.5,1
obesity,2008,-0.012834759191873032,-0.037899034722500946,0.00486948426297765,0.18881968043441957,1.5,1
obesity,2009,-0.009463511663171604,-0.028629298898343068,0.005066061251065449,0.17417397471073606,1.5,1
obesity,2010,-0.00665204849723861,-0.02131190157721159,0.0053294758808093,0.16222561061679192,1.5,1
obesity,2011,-0.004273534833098636,-0.01554327244261835,0.005684611744057181,0.1526235096260978,1.5,1
obesity,2012,-0.0022199324246771363,-0.011032340973885063,0.006119193211445452,0.1450708784482419,1.5,1
obesity,2013,-3.9992099983260647e-4,-0.007336758940944295,0.006671780346943249,0.13932792449752848,1.5,1
obesity,2014,0.001264398094952555,-0.004300628883594961,0.007255516164974982,0.13521002772456825,1.5,1
obesity,2015,0.0028411594564758916,-0.001993156257364249,0.008161143988151815,0.13258421822519742,1.5,1
obesity,2016,0.004392373934980352,-7.5613062402575e-5,0.009433555671802834,0.13136562968501553,1.5,1
obesity,2017,0.005977457717239568,0.001364171034718565,0.011253908303880669,0.13151482616881238,1.5,1
obesity,2018,0.007656710066074256,0.0024064829474323645,0.013740549104669209,0.13303643625960535,1.5,1
obesity,2019,0.009494874650016487,0.0031002711471297835,0.01681168839745401,0.13597925339783634,1.5,1
obesity,2020,0.011564946024835153,0.0036410630602398326,0.020867494351600624,0.14043776798551477,1.5,1
obesity,2021,0.013952370177051348,0.004088267164363874,0.025901634068136278,0.1465548917091128,1.5,1
obesity,2022,0.01675972525963522,0.004450194678486072,0.032313464912126076,0.15452532329521745,1.5,1
obesity,2023,0.02011182546333741,0.004814822559167336,0.04049271028896346,0.16459848172233202,1.5,1
obesity,2024,0.0241609222972954,0.005164401026983771,0.05096167201831135,0.1770790882171805,1.5,1
obesity,2025,0.029091245358681763,0.005387708736495569,0.06441263192954184,0.19232225603380956,1.5,1
obesity,2026,0.03279163344342471,0.0055153265550218445,0.07528028701685592,0.2107184998102839,1.5,1
overweight,2006,-0.012949041708989166,-0.06164594345885568,0.018668774086201177,0.35513924962453297,1.5,1.5
overweight,2007,-0.011178208032068431,-0.054195411444043065,0.018885379755597682,0.3360221655036658,1.5,1.5
overweight,2008,-0.007844648643264155,-0.04334759492385521,0.01865808935044694,0.3192312832979227,1.5,1.5
overweight,2009,-0.0048472968852419935,-0.03401134142280508,0.018636100771140092,0.30470453665527714,1.5,1.5
overweight,2010,-0.002147844926356462,-0.026020179874567752,0.018534266727331765,0.292338309442746,1.5,1.5
overweight,2011,3.019914740030739e-4,-0.019189738090995227,0.018263880229798725,0.2820092011732825,1.5,1.5
overweight,2012,0.002554562524401817,-0.013584119363760283,0.018150720053761272,0.2735909231163616,1.5,1.5
overweight,2013,0.004662966480746846,-0.008746316204479897,0.0184478285771279,0.266966262214321,1.5,1.5
overweight,2014,0.006679585546672675,-0.004624305527817886,0.018710978924451976,0.2620349133230072,1.5,1.5
overweight,2015,0.008655870669361462,-0.0011451415354116212,0.019257682000851418,0.2587182448404585,1.5,1.5
overweight,2016,0.01064293382659328,0.001584682298150293,0.020626376023844935,0.2569619822000366,1.5,1.5
overweight,2017,0.012692654505161683,0.0036563978174971785,0.023117810363244458,0.25673756642105355,1.5,1.5
overweight,2018,0.014859119721682953,0.004568811595747803,0.026472600553774813,0.2580426825078992,1.5,1.5
overweight,2019,0.017200290210086747,0.004983837161360397,0.03084866615347229,0.2609011990244678,1.5,1.5
overweight,2020,0.019779821996459994,0.004982795611737877,0.036408377749852804,0.26536252061809484,1.5,1.5
overweight,2021,0.022668976279925066,0.004857795497252878,0.043464338483613266,0.27150011831238624,1.5,1.5
overweight,2022,0.025948525050517465,0.0043633663650265875,0.05218917579718872,0.27940875778204943,1.5,1.5
overweight,2023,0.02971051195326363,0.0038752800594910627,0.0626710036768362,0.2891997015485653,1.5,1.5
overweight,2024,0.03405967486872593,0.0034609771447845898,0.07528708503670607,0.30099296485517957,1.5,1.5
overweight,2025,0.039114317540645094,0.002852868908139675,0.09062358809180761,0.3149056683732461,1.5,1.5
overweight,2026,0.04320853523781857,0.0023478550202552326,0.10422105623317211,0.3310358377997322,1.5,1.5
obesity,2006,-0.01622530219731801,-0.053404295820182156,0.006280292879331885,0.2277942526236332,1.5,1.5
obesity,2007,-0.014277925959329673,-0.04605252375877147,0.006372262867159388,0.20655644721610783,1.5,1.5
obesity,2008,-0.010491644689943756,-0.0347861583553906,0.006557859574029572,0.18881968043441957,1.5,1.5
obesity,2009,-0.007346411812556944,-0.025967979715433697,0.00676934452675799,0.17417397471073606,1.5,1.5
obesity,2010,-0.0047113896372661945,-0.01903491400689117,0.0070473614251712925,0.16222561061679192,1.5,1.5
obesity,2011,-0.0024699146472948537,-0.013517657383492261,0.007372717568938094,0.1526235096260978,1.5,1.5
obesity,2012,-5.213113772534415e-4,-0.009229579825371148,0.007792596219607488,0.1450708784482419,1.5,1.5
obesity,2013,0.0012204352646826976,-0.005745089062404328,0.008318853450095724,0.13932792449752848,1.5,1.5
obesity,2014,0.0028294683529248616,-0.0028264330275594514,0.008976149024329727,0.13521002772456825,1.5,1.5
obesity,2015,0.004371376044491891,-5.711688325263331e-4,0.009834422369040145,0.13258421822519742,1.5,1.5
obesity,2016,0.005906611139455725,0.001310469076016539,0.011114036124038456,0.13136562968501553,1.5,1.5
obesity,2017,0.007493889524286994,0.0027964514201722157,0.012944666863352045,0.13151482616881238,1.5,1.5
obesity,2018,0.009193610467250922,0.0038456771661252954,0.015462796690593575,0.13303643625960535,1.5,1.5
obesity,2019,0.011071426424881367,0.004533258906270272,0.018650066240226644,0.13597925339783634,1.5,1.5
obesity,2020,0.013202125005882033,0.005081038546282956,0.022738287416241537,0.14043776798551477,1.5,1.5
obesity,2021,0.01567398163936103,0.0055809968222428705,0.02795713428027672,0.1465548917091128,1.5,1.5
obesity,2022,0.01859368897738086,0.005951403133257477,0.03468116196497251,0.15452532329521745,1.5,1.5
obesity,2023,0.022091839764573934,0.006291008312954629,0.04307973811822933,0.16459848172233202,1.5,1.5
obesity,2024,0.026328691535624685,0.006606311672914283,0.05387035129913873,0.1770790882171805,1.5,1.5
obesity,2025,0.031499540390604465,0.007000017700628283,0.06827838758847793,0.19232225603380956,1.5,1.5
obesity,2026,0.03550858893849692,0.007114713021760988,0.07981754824446748,0.2107184998102839,1.5,1.5
