outcome,study_year,incidence_mean,incidence_lo,incidence_hi,prevalence_mean,incidence_per_1000py_mean,incidence_per_1000py_lo,incidence_per_1000py_hi
overweight,2006,-0.019329396902221727,-0.07188722868737592,0.014924866360396362,0.35513924962453297,-19.329396902221728,-71.88722868737592,14.924866360396361
overweight,2007,-0.017004608659089683,-0.06252711035563929,0.014839127474090556,0.3360221655036658,-17.004608659089683,-62.527110355639294,14.839127474090555
overweight,2008,-0.013225151839799972,-0.05045303169684862,0.01470292079756843,0.3192312832979227,-13.225151839799972,-50.453031696848626,14.70292079756843
overweight,2009,-0.009868460457952715,-0.04046830744827871,0.014565146791864601,0.30470453665527714,-9.868460457952715,-40.46830744827871,14.565146791864601
overweight,2010,-0.006880167519819703,-0.03153891723462462,0.014279018926476102,0.292338309442746,-6.880167519819703,-31.538917234624616,14.279018926476102
overweight,2011,-0.004199926621193486,-0.024143350971458536,0.013951320146438819,0.2820092011732825,-4.1999266211934865,-24.143350971458535,13.95132014643882
overweight,2012,-0.0017663248586366593,-0.018139630504195193,0.013881866078803354,0.2735909231163616,-1.7663248586366593,-18.139630504195193,13.881866078803354
overweight,2013,4.8049487133625357e-4,-0.012933803208498637,0.01411681768722396,0.266966262214321,0.48049487133625357,-12.933803208498638,14.11681768722396
overweight,2014,0.0025978559613633514,-0.008553597606071084,0.014277776289910556,0.2620349133230072,2.597855961363351,-8.553597606071083,14.277776289910557
overweight,2015,0.004640669436255165,-0.004888319913695714,0.014914531689398812,0.2587182448404585,4.640669436255165,-4.888319913695714,14.914531689398812
overweight,2016,0.006662251735487421,-0.002002907808188871,0.016272984871325072,0.2569619822000366,6.662251735487421,-2.002907808188871,16.27298487132507
overweight,2017,0.00871557002323038,-7.61435675537875e-5,0.018684334372189186,0.25673756642105355,8.71557002323038,-0.0761435675537875,18.684334372189188
overweight,2018,0.010854748724769056,7.757045683971179e-4,0.021953039259824118,0.2580426825078992,10.854748724769056,0.7757045683971179,21.953039259824116
overweight,2019,0.013136736538456836,0.0012233292506571183,0.026196467132719153,0.2609011990244678,13.136736538456836,1.2233292506571183,26.196467132719153
overweight,2020,0.015623063068404448,0.0012555238593406765,0.0315979955431337,0.26536252061809484,15.623063068404448,1.2555238593406766,31.597995543133703
overweight,2021,0.01838161118754553,0.001035595051422482,0.0385237542367876,0.27150011831238624,18.38161118754553,1.035595051422482,38.523754236787596
overweight,2022,0.021488297919181196,6.387028240673991e-4,0.04663412085356369,0.27940875778204943,21.488297919181196,0.6387028240673991,46.634120853563694
overweight,2023,0.025028498438703063,2.471239833439984e-4,0.056513486386909534,0.2891997015485653,25.028498438703064,0.24712398334399838,56.513486386909534
overweight,2024,0.029097980149176448,-9.31603094892593e-5,0.06821619440962506,0.30099296485517957,29.097980149176447,-0.0931603094892593,68.21619440962506
overweight,2025,0.033803072738379514,-6.816764142478564e-4,0.08247148024195548,0.3149056683732461,33.80307273837951,-0.6816764142478564,82.47148024195549
overweight,2026,0.03746188391163473,-0.0010651180156874105,0.0947169076703435,0.3310358377997322,37.46188391163473,-1.0651180156874105,94.7169076703435
obesity,2006,-0.020370091636272618,-0.05990967249584013,0.0038493134846882765,0.2277942526236332,-20.37009163627262,-59.90967249584013,3.8493134846882766
obesity,2007,-0.017943503506403585,-0.051446418756315504,0.003948665527399363,0.20655644721610783,-17.943503506403584,-51.4464187563155,3.9486655273993634
obesity,2008,-0.013778857594045131,-0.039214468085207,0.004130390810286401,0.18881968043441957,-13.778857594045132,-39.214468085206995,4.130390810286401
obesity,2009,-0.010334381536725284,-0.029686674559020465,0.004301702690951799,0.17417397471073606,-10.334381536725283,-29.686674559020464,4.3017026909517995
obesity,2010,-0.007463176550322571,-0.022243086062455168,0.00461110671428897,0.16222561061679192,-7.46317655032257,-22.24308606245517,4.611106714288971
obesity,2011,-0.0050366523812291255,-0.016385401366282994,0.004960785523391257,0.1526235096260978,-5.036652381229126,-16.385401366282995,4.960785523391257
obesity,2012,-0.0029452868169183456,-0.011790993944220767,0.005405606627815594,0.1450708784482419,-2.9452868169183457,-11.790993944220768,5.405606627815594
obesity,2013,-0.0010965606223202488,-0.008039489794072438,0.005977650724178724,0.13932792449752848,-1.0965606223202489,-8.039489794072438,5.977650724178724
obesity,2014,5.883479563297141e-4,-0.004942455942652944,0.006534165956716061,0.13521002772456825,0.5883479563297142,-4.942455942652944,6.534165956716061
obesity,2015,0.0021782383653499047,-0.0026009744294375444,0.007439003339937099,0.13258421822519742,2.178238365349905,-2.6009744294375445,7.4390033399370985
obesity,2016,0.0037355457865552743,-6.843558557501738e-4,0.00872681903636964,0.13136562968501553,3.7355457865552744,-0.6843558557501739,8.72681903636964
obesity,2017,0.005319883586395507,7.665377377650001e-4,0.010547361132760098,0.13151482616881238,5.319883586395507,0.7665377377650001,10.547361132760098
obesity,2018,0.00699152788477623,0.0017769343634156376,0.012986396178197019,0.13303643625960535,6.99152788477623,1.7769343634156376,12.986396178197019
obesity,2019,0.008814978383027305,0.0024721609989518637,0.016070259116820196,0.13597925339783634,8.814978383027306,2.4721609989518636,16.070259116820196
obesity,2020,0.01086275718490758,0.0029847165434647265,0.020075134479590657,0.14043776798551477,10.86275718490758,2.9847165434647263,20.075134479590655
obesity,2021,0.013219595718505785,0.0034145508965718733,0.02503574790126897,0.1465548917091128,13.219595718505785,3.4145508965718734,25.03574790126897
obesity,2022,0.015987098643159132,0.003780703937330604,0.03131777034802334,0.15452532329521745,15.987098643159133,3.780703937330604,31.31777034802334
obesity,2023,0.01928883305472575,0.004169496582515097,0.03944279536190435,0.16459848172233202,19.28883305472575,4.169496582515097,39.44279536190435
obesity,2024,0.023275526856209497,0.004511600687029686,0.04985040573512501,0.1770790882171805,23.275526856209495,4.511600687029686,49.85040573512501
obesity,2025,0.028129634078512714,0.0047152395453993225,0.06307071499226123,0.19232225603380956,28.129634078512716,4.7152395453993226,63.07071499226123
obesity,2026,0.03173804094437328,0.004881201417790389,0.07388423288528041,0.2107184998102839,31.73804094437328,4.881201417790389,73.88423288528041
