outcome,study_year,incidence_mean,incidence_lo,incidence_hi,incidence_per_1000py_mean,incidence_per_1000py_lo,incidence_per_1000py_hi
overweight,2006.0,-0.018801175,-0.06995584,0.01582622,-18.801174,-69.95584,15.82622
overweight,2007.0,-0.016517062,-0.061099567,0.015854996,-16.517061,-61.099567,15.854996
overweight,2008.0,-0.012795543,-0.04938534,0.015604345,-12.795544,-49.385338,15.604345
overweight,2009.0,-0.00949216,-0.039502926,0.015251543,-9.49216,-39.502926,15.251543
overweight,2010.0,-0.0065524224,-0.030785095,0.014872355,-6.5524225,-30.785095,14.872355
overweight,2011.0,-0.0039162645,-0.023675408,0.014525143,-3.9162645,-23.675407,14.525144
overweight,2012.0,-0.0015226118,-0.017480945,0.014344497,-1.5226119,-17.480946,14.344497
overweight,2013.0,0.00068790594,-0.012412467,0.014143207,0.6879059,-12.412467,14.143208
overweight,2014.0,0.002772141,-0.008188902,0.014262071,2.772141,-8.188903,14.262071
overweight,2015.0,0.004784564,-0.004790993,0.014855119,4.784564,-4.7909927,14.85512
overweight,2016.0,0.0067781243,-0.0020513148,0.01604507,6.7781243,-2.0513148,16.045069
overweight,2017.0,0.008805442,-0.00025960937,0.018518534,8.805442,-0.25960937,18.518534
overweight,2018.0,0.010920337,0.00077736157,0.022001073,10.920338,0.7773616,22.001072
overweight,2019.0,0.013179485,0.001038477,0.026472721,13.179484,1.0384771,26.472721
overweight,2020.0,0.015644198,0.0008436243,0.031981308,15.644198,0.8436243,31.981308
overweight,2021.0,0.018382102,0.00032803626,0.038641285,18.382103,0.32803625,38.641285
overweight,2022.0,0.021468682,-0.00030615614,0.046860255,21.468681,-0.30615616,46.860256
overweight,2023.0,0.024989065,-0.00081302685,0.05703361,24.989065,-0.81302685,57.03361
overweight,2024.0,0.029038822,-0.0013283323,0.068807796,29.038822,-1.3283323,68.80779
overweight,2025.0,0.03372362,-0.0019773254,0.08332525,33.723618,-1.9773254,83.32525
overweight,2026.0,0.03737101,-0.0023740083,0.096108206,37.37101,-2.3740082,96.10821
obesity,2006.0,-0.019947125,-0.058833923,0.004486328,-19.947124,-58.833923,4.486328
obesity,2007.0,-0.017565465,-0.050463933,0.0045367978,-17.565464,-50.463932,4.5367975
obesity,2008.0,-0.013469293,-0.038557395,0.004733705,-13.469293,-38.557396,4.733705
obesity,2009.0,-0.010080901,-0.029220654,0.0049291844,-10.080901,-29.220654,4.9291844
obesity,2010.0,-0.0072552795,-0.02196708,0.0051863315,-7.2552795,-21.96708,5.1863313
obesity,2011.0,-0.0048658843,-0.016187191,0.0053565316,-4.8658843,-16.187191,5.3565316
obesity,2012.0,-0.0028048456,-0.011650824,0.005678993,-2.8048456,-11.650824,5.678993
obesity,2013.0,-0.0009811029,-0.007996974,0.0060479604,-0.98110294,-7.9969735,6.0479603
obesity,2014.0,0.00068296987,-0.004993089,0.0066015664,0.68296987,-4.993089,6.6015663
obesity,2015.0,0.002255203,-0.0025776688,0.007419097,2.255203,-2.5776687,7.419097
obesity,2016.0,0.0037972492,-0.00073777797,0.0086671915,3.797249,-0.73777795,8.6671915
obesity,2017.0,0.0053680576,0.00063904235,0.01046468,5.3680577,0.6390424,10.464681
obesity,2018.0,0.0070273355,0.0016356133,0.012913201,7.0273356,1.6356133,12.913201
obesity,2019.0,0.008839099,0.0023678169,0.016113069,8.839099,2.367817,16.11307
obesity,2020.0,0.0108754225,0.0028262695,0.020017572,10.8754225,2.8262694,20.017572
obesity,2021.0,0.013220526,0.0032403034,0.025029596,13.220527,3.2403033,25.029596
obesity,2022.0,0.015975472,0.003463401,0.03137995,15.9754715,3.463401,31.37995
obesity,2023.0,0.019263119,0.0037228346,0.039614573,19.263119,3.7228346,39.614574
obesity,2024.0,0.02323358,0.0038829444,0.050001986,23.23358,3.8829443,50.001987
obesity,2025.0,0.028068261,0.004189749,0.06353735,28.068262,4.189749,63.537354
obesity,2026.0,0.03166512,0.004382079,0.07434509,31.665121,4.382079,74.34509
