outcome,study_year,year_c,year_c2,age_c,sample_size,cases,study_id,prevalence_mean,prevalence_lo,prevalence_hi
overweight,2006,-8.570454545454595,73.45269111570333,0,1,0,1,0.35513924962453297,0.23701337321627783,0.4891392803651969
overweight,2007,-7.570454545454595,57.31178202479414,0,1,0,1,0.3360221655036658,0.24140673323846426,0.44262125063834296
overweight,2008,-6.570454545454595,43.17087293388495,0,1,0,1,0.3192312832979227,0.24474564424142753,0.40346256079016984
overweight,2009,-5.570454545454595,31.02996384297576,0,1,0,1,0.30470453665527714,0.2455450125249649,0.3692134858576951
overweight,2010,-4.570454545454595,20.88905475206657,0,1,0,1,0.292338309442746,0.2464011193992414,0.34115729542369055
overweight,2011,-3.570454545454595,12.748145661157379,0,1,0,1,0.2820092011732825,0.2451527098552099,0.3203797865233965
overweight,2012,-2.570454545454595,6.6072365702481886,0,1,0,1,0.2735909231163616,0.24120651548103506,0.30779456123579885
overweight,2013,-1.570454545454595,2.466327479338999,0,1,0,1,0.266966262214321,0.23573190248089837,0.299774474426147
overweight,2014,-0.5704545454545951,0.3254183884298087,0,1,0,1,0.2620349133230072,0.23076630322691352,0.2954251917679423
overweight,2015,0.42954545454540494,0.18450929752061854,0,1,0,1,0.2587182448404585,0.2259307192592156,0.29415289778338854
overweight,2016,1.429545454545405,2.0436002066114285,0,1,0,1,0.2569619822000366,0.22244647027848155,0.2943141243856357
overweight,2017,2.429545454545405,5.902691115702238,0,1,0,1,0.25673756642105355,0.2204190980938124,0.2962321519761703
overweight,2018,3.429545454545405,11.761782024793048,0,1,0,1,0.2580426825078992,0.21956469910546134,0.29931626654301347
overweight,2019,4.429545454545405,19.62087293388386,0,1,0,1,0.2609011990244678,0.2202443248187955,0.30487864243229335
overweight,2020,5.429545454545405,29.47996384297467,0,1,0,1,0.26536252061809484,0.222108941070899,0.3127230215660204
overweight,2021,6.429545454545405,41.33905475206548,0,1,0,1,0.27150011831238624,0.2232867331250963,0.3252732211913238
overweight,2022,7.429545454545405,55.19814566115629,0,1,0,1,0.27940875778204943,0.22503127828374872,0.34175030532182366
overweight,2023,8.429545454545405,71.0572365702471,0,1,0,1,0.2891997015485653,0.22458674028996473,0.362640308933666
overweight,2024,9.429545454545405,88.91632747933791,0,1,0,1,0.30099296485517957,0.22294672424000583,0.3890475984384759
overweight,2025,10.429545454545405,108.77541838842872,0,1,0,1,0.3149056683732461,0.2212736627055358,0.42137364922965725
overweight,2026,11.429545454545405,130.63450929751951,0,1,0,1,0.3310358377997322,0.21794363740532943,0.46017185339822414
obesity,2006,-8.570454545454595,73.45269111570333,0,1,0,1,0.2277942526236332,0.14177793473403338,0.33576680885634447
obesity,2007,-7.570454545454595,57.31178202479414,0,1,0,1,0.20655644721610783,0.14010866142567635,0.28768669567351857
obesity,2008,-6.570454545454595,43.17087293388495,0,1,0,1,0.18881968043441957,0.1376853110935587,0.24917835754408285
obesity,2009,-5.570454545454595,31.02996384297576,0,1,0,1,0.17417397471073606,0.13560245080781275,0.2191682513662444
obesity,2010,-4.570454545454595,20.88905475206657,0,1,0,1,0.16222561061679192,0.13285208526121878,0.19491703077560066
obesity,2011,-3.570454545454595,12.748145661157379,0,1,0,1,0.1526235096260978,0.12921453901392668,0.17795198849257104
obesity,2012,-2.570454545454595,6.6072365702481886,0,1,0,1,0.1450708784482419,0.1251510985815888,0.16674643499234493
obesity,2013,-1.570454545454595,2.466327479338999,0,1,0,1,0.13932792449752848,0.1206821133644275,0.15983942104173995
obesity,2014,-0.5704545454545951,0.3254183884298087,0,1,0,1,0.13521002772456825,0.11654678519875744,0.15586427518753768
obesity,2015,0.42954545454540494,0.18450929752061854,0,1,0,1,0.13258421822519742,0.11291598744078779,0.1542433658127061
obesity,2016,1.429545454545405,2.0436002066114285,0,1,0,1,0.13136562968501553,0.11078203216426073,0.1543714542139137
obesity,2017,2.429545454545405,5.902691115702238,0,1,0,1,0.13151482616881238,0.10971594051286868,0.15572240379404828
obesity,2018,3.429545454545405,11.761782024793048,0,1,0,1,0.13303643625960535,0.11035945122829244,0.1584119220379961
obesity,2019,4.429545454545405,19.62087293388386,0,1,0,1,0.13597925339783634,0.1117077422977486,0.16294583733757764
obesity,2020,5.429545454545405,29.47996384297467,0,1,0,1,0.14043776798551477,0.11379331818359786,0.17055920689312787
obesity,2021,6.429545454545405,41.33905475206548,0,1,0,1,0.1465548917091128,0.11664374610970075,0.1812253192764641
obesity,2022,7.429545454545405,55.19814566115629,0,1,0,1,0.15452532329521745,0.11983257839230678,0.1961605466562601
obesity,2023,8.429545454545405,71.0572365702471,0,1,0,1,0.16459848172233202,0.12257576484681353,0.2157343050362362
obesity,2024,9.429545454545405,88.91632747933791,0,1,0,1,0.1770790882171805,0.12518790098779148,0.2406450884691064
obesity,2025,10.429545454545405,108.77541838842872,0,1,0,1,0.19232225603380956,0.12700343594939834,0.2735465992530491
obesity,2026,11.429545454545405,130.63450929751951,0,1,0,1,0.2107184998102839,0.12930606733166983,0.31406771367379605
