outcome,study_year,prevalence_mean,prevalence_lo,prevalence_hi
overweight,2006.0,0.35403436,0.2365944,0.48486754
overweight,2007.0,0.3352385,0.24168728,0.43925005
overweight,2008.0,0.318742,0.24517348,0.4004165
overweight,2009.0,0.30448148,0.24722737,0.3664646
overweight,2010.0,0.29234996,0.24780025,0.3400384
overweight,2011.0,0.28222516,0.24608526,0.32128194
overweight,2012.0,0.27398255,0.24199876,0.30907565
overweight,2013.0,0.26750472,0.2359122,0.30147037
overweight,2014.0,0.2626938,0.2297748,0.29730216
overweight,2015.0,0.25947317,0.22445534,0.29600006
overweight,2016.0,0.25778878,0.22093397,0.29645887
overweight,2017.0,0.2576151,0.21874313,0.29856157
overweight,2018.0,0.25895005,0.21919271,0.30116665
overweight,2019.0,0.26181868,0.22008058,0.30621818
overweight,2020.0,0.2662712,0.22214606,0.31448182
overweight,2021.0,0.2723828,0.22430171,0.3249089
overweight,2022.0,0.2802473,0.2247643,0.34079447
overweight,2023.0,0.2899766,0.22503732,0.3628293
overweight,2024.0,0.3016913,0.22330745,0.38973302
overweight,2025.0,0.31550956,0.22085586,0.42305377
overweight,2026.0,0.33152655,0.21566255,0.46150437
obesity,2006.0,0.22674304,0.1416157,0.33296072
obesity,2007.0,0.20582825,0.14027084,0.28610072
obesity,2008.0,0.1883647,0.13817988,0.24828172
obesity,2009.0,0.17394726,0.13600227,0.21734875
obesity,2010.0,0.16218741,0.13346463,0.19400667
obesity,2011.0,0.1527392,0.13008675,0.17839526
obesity,2012.0,0.14531112,0.12564187,0.16781391
obesity,2013.0,0.1396681,0.12058063,0.16110973
obesity,2014.0,0.13562812,0.11589613,0.15727179
obesity,2015.0,0.13306224,0.112622954,0.15562923
obesity,2016.0,0.1318873,0.11016458,0.1560068
obesity,2017.0,0.13206698,0.10923331,0.15724728
obesity,2018.0,0.1336059,0.109927796,0.16012615
obesity,2019.0,0.13655457,0.11158751,0.16483627
obesity,2020.0,0.14100797,0.11376876,0.17186064
obesity,2021.0,0.14710872,0.11646253,0.18171594
obesity,2022.0,0.15505132,0.119452,0.19587642
obesity,2023.0,0.1650836,0.12195475,0.21500288
obesity,2024.0,0.17750935,0.12461739,0.24053945
obesity,2025.0,0.19268143,0.1264674,0.2731323
obesity,2026.0,0.2109877,0.1280735,0.31393236
