study_id,study_label,zone,pub_year,study_year,year_imputed,sample_size,mean_age,age_imputed,outcome,cases,prevalence_pct,year_c,year_c2,age_c
1,Ijoma et al. (2019),South East,2019,2019,TRUE,605,44.5,FALSE,overweight,178,29.4,4.340963855421705,18.843967194077678,3.2507705971816208
2,Chukwuonye et al. (2015),South East,2015,2015,TRUE,2928,41.7,FALSE,overweight,826,28.2,0.3409638554217054,0.1162563507040336,0.4507705971816236
3,Chigbu et al. (2018),South East,2018,2018,TRUE,6628,41.3469543063774,TRUE,overweight,1259,19,3.3409638554217054,11.162039483234265,0.09772490355901908
5,Ezeala-Adikaibe et al. (2016),South East,2016,2016,TRUE,774,43.9,FALSE,overweight,216,27.9,1.3409638554217054,1.7981840615474443,2.6507705971816193
6,Fatai and Udoji (2015),South East,2015,2015,TRUE,1521,43.98,FALSE,overweight,475,31.2,0.3409638554217054,0.1162563507040336,2.7307705971816176
7,Ijoma et al. (2020),South East,2020,2019,FALSE,210,51.24,FALSE,overweight,59,28,4.340963855421705,18.843967194077678,9.990770597181623
8,Okafor et al. (2011),South East,2011,2011,TRUE,898,48.7,FALSE,overweight,339,37.8,-3.6590361445782946,13.38854550733039,7.450770597181624
9,Ulasi et al. (2010),South East,2010,2010,TRUE,1458,43.8,FALSE,overweight,461,31.6,-4.659036144578295,21.70661779648698,2.550770597181618
10,Ulasi et al. (2013),South East,2013,2013,TRUE,2182,43.7,FALSE,overweight,696,31.9,-1.6590361445782946,2.7524009290172122,2.4507705971816236
11,Adienbo et al. (2012),South South,2012,2012,TRUE,304,37.66,FALSE,overweight,68,22.4,-2.6590361445782946,7.0704732181738015,-3.5892294028183827
12,Nwafor et al. (2015),South South,2015,2015,TRUE,250,41.3469543063774,TRUE,overweight,103,41.2,0.3409638554217054,0.1162563507040336,0.09772490355901908
14,Isara et al. (2015),South South,2015,2015,TRUE,845,56.4,FALSE,overweight,184,21.8,0.3409638554217054,0.1162563507040336,15.15077059718162
16,Chinedu et al. (2013),South West,2013,2013,TRUE,489,41.3469543063774,TRUE,overweight,152,31,-1.6590361445782946,2.7524009290172122,0.09772490355901908
17,Raimi and Dada (2018),South West,2018,2018,TRUE,552,39.9,FALSE,overweight,192,34.8,3.3409638554217054,11.162039483234265,-1.3492294028183807
19,Abiodun et al. (2014),South West,2014,2014,TRUE,776,42.6,FALSE,overweight,232,29.9,-0.6590361445782946,0.43432863986062287,1.3507705971816222
21,Amira et al. (2012),South West,2012,2012,TRUE,1368,41.9,FALSE,overweight,447,32.7,-2.6590361445782946,7.0704732181738015,0.6507705971816193
22,Akinwale et al. (2013),South West,2013,2011.6,FALSE,2434,41.3469543063774,TRUE,overweight,881,36.2,-3.0590361445783856,9.357702133836993,0.09772490355901908
23,Adebayo et al. (2014),South West,2014,2014,TRUE,777,36.3,FALSE,overweight,162,20.8,-0.6590361445782946,0.43432863986062287,-4.949229402818382
24,Asekun-Olarinmoye et al. (2013),South West,2013,2013,TRUE,259,49.7,FALSE,overweight,51,19.6,-1.6590361445782946,2.7524009290172122,8.450770597181624
25,Etukumana et al. (2013),North Central,2013,2013,TRUE,750,39.42,FALSE,overweight,175,23.3,-1.6590361445782946,2.7524009290172122,-1.8292294028183775
26,Sola et al. (2011),North Central,2011,2011,TRUE,435,24.2,FALSE,overweight,96,22,-3.6590361445782946,13.38854550733039,-17.04922940281838
27,Adediran et al. (2012),North Central,2012,2012,TRUE,229,41.3469543063774,TRUE,overweight,74,32.3,-2.6590361445782946,7.0704732181738015,0.09772490355901908
28,Oyeyemi et al. (2012),North East,2012,2012,TRUE,1818,32.3,FALSE,overweight,415,22.8,-2.6590361445782946,7.0704732181738015,-8.949229402818382
29,Adedoyin et al. (2012),North East,2012,2012,TRUE,1004,41.5,FALSE,overweight,155,15.4,-2.6590361445782946,7.0704732181738015,0.25077059718162076
30,Wahab et al. (2011),North West,2011,2006,FALSE,300,37.6,FALSE,overweight,160,53.3,-8.659036144578295,74.97890695311334,-3.649229402818378
31,Dahiru and Ejembi (2013),North West,2013,2013,TRUE,199,39.9,FALSE,overweight,54,26.9,-1.6590361445782946,2.7524009290172122,-1.3492294028183807
32,Makusidi et al. (2013),North West,2013,2013,TRUE,535,37,FALSE,overweight,66,12.3,-1.6590361445782946,2.7524009290172122,-4.249229402818379
33,Ramalan et al. (2019),North West,2019,2019,TRUE,532,38.9,FALSE,overweight,111,20.9,4.340963855421705,18.843967194077678,-2.3492294028183807
34,Ogundare et al. (2026),South West,2026,2025,FALSE,252,41.9,FALSE,overweight,76,30.2,10.340963855421705,106.93553345913814,0.6507705971816193
35,Adegoke et al. (2026),South West,2026,2024.5,FALSE,3620,41.3469543063774,TRUE,overweight,1072,29.6,9.840963855421705,96.84456960371644,0.09772490355901908
36,Olatona et al. (2023),South West,2023,2016,FALSE,302,30.4,FALSE,overweight,75,24.8,1.3409638554217054,1.7981840615474443,-10.84922940281838
37,Olawuyi and Adeoye (2018),South West,2018,2012,FALSE,606,43,FALSE,overweight,189,31.2,-2.6590361445782946,7.0704732181738015,1.7507705971816208
38,Adegoke et al. (2021),South West,2021,2017,FALSE,5135,37.5,FALSE,overweight,1361,26.5,2.3409638554217054,5.480111772390855,-3.7492294028183792
39,Osunkwo et al. (2021),North Central,2021,2017,FALSE,1265,41.3469543063774,TRUE,overweight,280,22.1,2.3409638554217054,5.480111772390855,0.09772490355901908
40,Ide et al. (2025),South South,2025,2024,FALSE,500,41.3469543063774,TRUE,overweight,165,33,9.340963855421705,87.25360574829473,0.09772490355901908
41,Bakari et al. (2007),North West,2007,2007,TRUE,317,41.3469543063774,TRUE,overweight,59,18.5,-7.659036144578295,58.66083466395675,0.09772490355901908
42,Okafor et al. (2014),Multi-zone,2014,2014,TRUE,5392,40.6,FALSE,overweight,1677,31.1,-0.6590361445782946,0.43432863986062287,-0.6492294028183778
43,Gezawa et al. (2013),North East,2013,2008.5,FALSE,1650,36.2,FALSE,overweight,447,27.1,-6.159036144578295,37.933726230221865,-5.049229402818376
44,Olatona et al. (2026),North Central,2026,2026,TRUE,304,32.9,FALSE,overweight,96,31.58,11.340963855421705,128.61746116998154,-8.34922940281838
1,Ijoma et al. (2019),South East,2019,2019,TRUE,605,44.5,FALSE,obesity,118,19.5,4.340963855421705,18.843967194077678,3.2507705971816208
2,Chukwuonye et al. (2015),South East,2015,2015,TRUE,2928,41.7,FALSE,obesity,360,12.3,0.3409638554217054,0.1162563507040336,0.4507705971816236
3,Chigbu et al. (2018),South East,2018,2018,TRUE,6628,41.3469543063774,TRUE,obesity,451,6.8,3.3409638554217054,11.162039483234265,0.09772490355901908
4,Gladys et al. (2011),South East,2011,2011,TRUE,218,41.3469543063774,TRUE,obesity,29,13.3,-3.6590361445782946,13.38854550733039,0.09772490355901908
5,Ezeala-Adikaibe et al. (2016),South East,2016,2016,TRUE,774,43.9,FALSE,obesity,138,17.8,1.3409638554217054,1.7981840615474443,2.6507705971816193
6,Fatai and Udoji (2015),South East,2015,2015,TRUE,1521,43.98,FALSE,obesity,409,26.9,0.3409638554217054,0.1162563507040336,2.7307705971816176
7,Ijoma et al. (2020),South East,2020,2019,FALSE,210,51.24,FALSE,obesity,23,10.9,4.340963855421705,18.843967194077678,9.990770597181623
8,Okafor et al. (2011),South East,2011,2011,TRUE,898,48.7,FALSE,obesity,190,21.2,-3.6590361445782946,13.38854550733039,7.450770597181624
9,Ulasi et al. (2010),South East,2010,2010,TRUE,1458,43.8,FALSE,obesity,252,17.3,-4.659036144578295,21.70661779648698,2.550770597181618
10,Ulasi et al. (2013),South East,2013,2013,TRUE,2182,43.7,FALSE,obesity,325,14.9,-1.6590361445782946,2.7524009290172122,2.4507705971816236
11,Adienbo et al. (2012),South South,2012,2012,TRUE,304,37.66,FALSE,obesity,150,49.34,-2.6590361445782946,7.0704732181738015,-3.5892294028183827
12,Nwafor et al. (2015),South South,2015,2015,TRUE,250,41.3469543063774,TRUE,obesity,41,16.4,0.3409638554217054,0.1162563507040336,0.09772490355901908
13,Egbe et al. (2014),South South,2014,2014,TRUE,1134,41.3469543063774,TRUE,obesity,311,27.4,-0.6590361445782946,0.43432863986062287,0.09772490355901908
14,Isara et al. (2015),South South,2015,2015,TRUE,845,56.4,FALSE,obesity,90,10.6,0.3409638554217054,0.1162563507040336,15.15077059718162
15,Ekpenyong et al. (2012),South South,2012,2009.5,FALSE,2780,41.3469543063774,TRUE,obesity,695,25,-5.159036144578295,26.615653941065275,0.09772490355901908
16,Chinedu et al. (2013),South West,2013,2013,TRUE,489,41.3469543063774,TRUE,obesity,88,18,-1.6590361445782946,2.7524009290172122,0.09772490355901908
17,Raimi and Dada (2018),South West,2018,2018,TRUE,552,39.9,FALSE,obesity,101,18.3,3.3409638554217054,11.162039483234265,-1.3492294028183807
18,Oluyombo et al. (2015),South West,2015,2015,TRUE,750,61.7,FALSE,obesity,64,8.5,0.3409638554217054,0.1162563507040336,20.450770597181624
19,Abiodun et al. (2014),South West,2014,2014,TRUE,776,42.6,FALSE,obesity,136,17.5,-0.6590361445782946,0.43432863986062287,1.3507705971816222
20,Oluyombo et al. (2016),South West,2016,2016,TRUE,1083,55.1,FALSE,obesity,62,5.7,1.3409638554217054,1.7981840615474443,13.850770597181622
21,Amira et al. (2012),South West,2012,2012,TRUE,1368,41.9,FALSE,obesity,304,22.2,-2.6590361445782946,7.0704732181738015,0.6507705971816193
22,Akinwale et al. (2013),South West,2013,2011.6,FALSE,2434,41.3469543063774,TRUE,obesity,465,19.1,-3.0590361445783856,9.357702133836993,0.09772490355901908
23,Adebayo et al. (2014),South West,2014,2014,TRUE,777,36.3,FALSE,obesity,65,8.4,-0.6590361445782946,0.43432863986062287,-4.949229402818382
24,Asekun-Olarinmoye et al. (2013),South West,2013,2013,TRUE,259,49.7,FALSE,obesity,30,11.5,-1.6590361445782946,2.7524009290172122,8.450770597181624
25,Etukumana et al. (2013),North Central,2013,2013,TRUE,750,39.42,FALSE,obesity,60,8,-1.6590361445782946,2.7524009290172122,-1.8292294028183775
26,Sola et al. (2011),North Central,2011,2011,TRUE,435,24.2,FALSE,obesity,17,4,-3.6590361445782946,13.38854550733039,-17.04922940281838
27,Adediran et al. (2012),North Central,2012,2012,TRUE,229,41.3469543063774,TRUE,obesity,51,22.3,-2.6590361445782946,7.0704732181738015,0.09772490355901908
28,Oyeyemi et al. (2012),North East,2012,2012,TRUE,1818,32.3,FALSE,obesity,147,8.1,-2.6590361445782946,7.0704732181738015,-8.949229402818382
29,Adedoyin et al. (2012),North East,2012,2012,TRUE,1004,41.5,FALSE,obesity,38,3.8,-2.6590361445782946,7.0704732181738015,0.25077059718162076
30,Wahab et al. (2011),North West,2011,2006,FALSE,300,37.6,FALSE,obesity,63,21,-8.659036144578295,74.97890695311334,-3.649229402818378
31,Dahiru and Ejembi (2013),North West,2013,2013,TRUE,199,39.9,FALSE,obesity,14,7,-1.6590361445782946,2.7524009290172122,-1.3492294028183807
32,Makusidi et al. (2013),North West,2013,2013,TRUE,535,37,FALSE,obesity,36,6.7,-1.6590361445782946,2.7524009290172122,-4.249229402818379
33,Ramalan et al. (2019),North West,2019,2019,TRUE,532,38.9,FALSE,obesity,49,9.2,4.340963855421705,18.843967194077678,-2.3492294028183807
34,Ogundare et al. (2026),South West,2026,2025,FALSE,252,41.9,FALSE,obesity,60,23.8,10.340963855421705,106.93553345913814,0.6507705971816193
35,Adegoke et al. (2026),South West,2026,2024.5,FALSE,3620,41.3469543063774,TRUE,obesity,637,17.6,9.840963855421705,96.84456960371644,0.09772490355901908
36,Olatona et al. (2023),South West,2023,2016,FALSE,302,30.4,FALSE,obesity,52,17.3,1.3409638554217054,1.7981840615474443,-10.84922940281838
37,Olawuyi and Adeoye (2018),South West,2018,2012,FALSE,606,43,FALSE,obesity,158,26.1,-2.6590361445782946,7.0704732181738015,1.7507705971816208
38,Adegoke et al. (2021),South West,2021,2017,FALSE,5135,37.5,FALSE,obesity,698,13.6,2.3409638554217054,5.480111772390855,-3.7492294028183792
39,Osunkwo et al. (2021),North Central,2021,2017,FALSE,1265,41.3469543063774,TRUE,obesity,171,13.5,2.3409638554217054,5.480111772390855,0.09772490355901908
40,Ide et al. (2025),South South,2025,2024,FALSE,500,41.3469543063774,TRUE,obesity,120,24,9.340963855421705,87.25360574829473,0.09772490355901908
41,Bakari et al. (2007),North West,2007,2007,TRUE,317,41.3469543063774,TRUE,obesity,42,13.1,-7.659036144578295,58.66083466395675,0.09772490355901908
42,Okafor et al. (2014),Multi-zone,2014,2014,TRUE,5392,40.6,FALSE,obesity,927,17.2,-0.6590361445782946,0.43432863986062287,-0.6492294028183778
43,Gezawa et al. (2013),North East,2013,2008.5,FALSE,1650,36.2,FALSE,obesity,282,17.1,-6.159036144578295,37.933726230221865,-5.049229402818376
44,Olatona et al. (2026),North Central,2026,2026,TRUE,304,32.9,FALSE,obesity,50,16.45,11.340963855421705,128.61746116998154,-8.34922940281838
