study_id,author,pub_year,fieldwork_year,fieldwork_precision,zone,sample_size,mean_age,age_sd,obesity_pct,obesity_m_pct,obesity_f_pct,overweight_pct,overweight_m_pct,overweight_f_pct,source,study_label,obesity_cases,overweight_cases,age_imputed,year_imputed,study_year
1,Ijoma et al.,2019,NA,unknown,South East,605,44.5,NA,19.5,7.9,24.9,29.4,28.3,30,PLOS_pgph.0000515_Table1,Ijoma et al. (2019),118,178,FALSE,TRUE,2019
2,Chukwuonye et al.,2015,NA,unknown,South East,2928,41.7,18.5,12.3,7.8,16.4,28.2,28.8,27.7,PLOS_pgph.0000515_Table1,Chukwuonye et al. (2015),360,826,FALSE,TRUE,2015
3,Chigbu et al.,2018,NA,unknown,South East,6628,41.3469543063774,NA,6.8,NA,NA,19,NA,NA,PLOS_pgph.0000515_Table1,Chigbu et al. (2018),451,1259,TRUE,TRUE,2018
4,Gladys et al.,2011,NA,unknown,South East,218,41.3469543063774,NA,13.3,10.1,14.8,NA,NA,NA,PLOS_pgph.0000515_Table1,Gladys et al. (2011),29,NA,TRUE,TRUE,2011
5,Ezeala-Adikaibe et al.,2016,NA,unknown,South East,774,43.9,NA,17.8,7.2,23.7,27.9,25.5,29.2,PLOS_pgph.0000515_Table1,Ezeala-Adikaibe et al. (2016),138,216,FALSE,TRUE,2016
6,Fatai and Udoji,2015,NA,unknown,South East,1521,43.98,NA,26.9,19.6,36,31.2,32.3,29.8,PLOS_pgph.0000515_Table1,Fatai and Udoji (2015),409,475,FALSE,TRUE,2015
7,Ijoma et al.,2020,2019,exact,South East,210,51.24,16.24,10.9,10.9,10.9,28,27,28,PLOS_pgph.0000515_Table1,Ijoma et al. (2020),23,59,FALSE,FALSE,2019
8,Okafor et al.,2011,NA,unknown,South East,898,48.7,12.9,21.2,NA,NA,37.8,NA,NA,PLOS_pgph.0000515_Table1,Okafor et al. (2011),190,339,FALSE,TRUE,2011
9,Ulasi et al.,2010,NA,unknown,South East,1458,43.8,13.7,17.3,NA,NA,31.6,NA,NA,BMCHealthServRes_2010_10_71_UserPDF,Ulasi et al. (2010),252,461,FALSE,TRUE,2010
10,Ulasi et al.,2013,NA,unknown,South East,2182,43.7,13.2,14.9,NA,NA,31.9,NA,NA,PLOS_pgph.0000515_Table1,Ulasi et al. (2013),325,696,FALSE,TRUE,2013
11,Adienbo et al.,2012,NA,unknown,South South,304,37.66,14.94,49.34,35.51,64.49,22.4,NA,NA,PLOS_pgph.0000515_Table1,Adienbo et al. (2012),150,68,FALSE,TRUE,2012
12,Nwafor et al.,2015,NA,unknown,South South,250,41.3469543063774,NA,16.4,5.6,10.8,41.2,15.2,26,PLOS_pgph.0000515_Table1,Nwafor et al. (2015),41,103,TRUE,TRUE,2015
13,Egbe et al.,2014,NA,unknown,South South,1134,41.3469543063774,NA,27.4,22.3,34.2,NA,NA,NA,PLOS_pgph.0000515_Table1,Egbe et al. (2014),311,NA,TRUE,TRUE,2014
14,Isara et al.,2015,NA,unknown,South South,845,56.4,16.3,10.6,NA,NA,21.8,NA,NA,PLOS_pgph.0000515_Table1,Isara et al. (2015),90,184,FALSE,TRUE,2015
15,Ekpenyong et al.,2012,2009.5,exact,South South,2780,41.3469543063774,NA,25,NA,NA,NA,NA,NA,PLOS_pgph.0000515_Table1,Ekpenyong et al. (2012),695,NA,TRUE,FALSE,2009.5
16,Chinedu et al.,2013,NA,unknown,South West,489,41.3469543063774,NA,18,NA,NA,31,NA,NA,PLOS_pgph.0000515_Table1,Chinedu et al. (2013),88,152,TRUE,TRUE,2013
17,Raimi and Dada,2018,NA,unknown,South West,552,39.9,15.5,18.3,8.8,27.7,34.8,30.9,37.6,PLOS_pgph.0000515_Table1,Raimi and Dada (2018),101,192,FALSE,TRUE,2018
18,Oluyombo et al.,2015,NA,unknown,South West,750,61.7,18.2,8.5,NA,NA,NA,NA,NA,PLOS_pgph.0000515_Table1,Oluyombo et al. (2015),64,NA,FALSE,TRUE,2015
19,Abiodun et al.,2014,NA,unknown,South West,776,42.6,14.3,17.5,NA,NA,29.9,NA,NA,PLOS_pgph.0000515_Table1,Abiodun et al. (2014),136,232,FALSE,TRUE,2014
20,Oluyombo et al.,2016,NA,unknown,South West,1083,55.1,19.9,5.7,NA,NA,NA,NA,NA,PLOS_pgph.0000515_Table1,Oluyombo et al. (2016),62,NA,FALSE,TRUE,2016
21,Amira et al.,2012,NA,unknown,South West,1368,41.9,12.9,22.2,15.7,29.5,32.7,33.3,31.9,PLOS_pgph.0000515_Table1,Amira et al. (2012),304,447,FALSE,TRUE,2012
22,Akinwale et al.,2013,2011.6,exact,South West,2434,41.3469543063774,NA,19.1,NA,NA,36.2,NA,NA,PLOS_pgph.0000515_Table1,Akinwale et al. (2013),465,881,TRUE,FALSE,2011.6
23,Adebayo et al.,2014,NA,unknown,South West,777,36.3,14.3,8.4,10.3,6.9,20.8,22.3,19,PLOS_pgph.0000515_Table1,Adebayo et al. (2014),65,162,FALSE,TRUE,2014
24,Asekun-Olarinmoye et al.,2013,NA,unknown,South West,259,49.7,1.6,11.5,NA,NA,19.6,NA,NA,PLOS_pgph.0000515_Table1,Asekun-Olarinmoye et al. (2013),30,51,FALSE,TRUE,2013
25,Etukumana et al.,2013,NA,unknown,North Central,750,39.42,16.17,8,3.2,13.1,23.3,NA,NA,PLOS_pgph.0000515_Table1,Etukumana et al. (2013),60,175,FALSE,TRUE,2013
26,Sola et al.,2011,NA,unknown,North Central,435,24.2,0.2,4,NA,NA,22,NA,NA,PLOS_pgph.0000515_Table1,Sola et al. (2011),17,96,FALSE,TRUE,2011
27,Adediran et al.,2012,NA,unknown,North Central,229,41.3469543063774,NA,22.3,8,36.2,32.3,NA,NA,PLOS_pgph.0000515_Table1,Adediran et al. (2012),51,74,TRUE,TRUE,2012
28,Oyeyemi et al.,2012,NA,unknown,North East,1818,32.3,10,8.1,NA,NA,22.8,NA,NA,PLOS_pgph.0000515_Table1,Oyeyemi et al. (2012),147,415,FALSE,TRUE,2012
29,Adedoyin et al.,2012,NA,unknown,North East,1004,41.5,13.5,3.8,NA,NA,15.4,NA,NA,PLOS_pgph.0000515_Table1,Adedoyin et al. (2012),38,155,FALSE,TRUE,2012
30,Wahab et al.,2011,2006,exact,North West,300,37.6,10.6,21,9.3,29.8,53.3,41.9,62,PLOS_pgph.0000515_Table1,Wahab et al. (2011),63,160,FALSE,FALSE,2006
31,Dahiru and Ejembi,2013,NA,unknown,North West,199,39.9,15.6,7,NA,NA,26.9,NA,NA,PLOS_pgph.0000515_Table1,Dahiru and Ejembi (2013),14,54,FALSE,TRUE,2013
32,Makusidi et al.,2013,NA,unknown,North West,535,37,17,6.7,NA,NA,12.3,NA,NA,PLOS_pgph.0000515_Table1,Makusidi et al. (2013),36,66,FALSE,TRUE,2013
33,Ramalan et al.,2019,NA,unknown,North West,532,38.9,15.9,9.2,4.3,13.6,20.9,15.4,24.4,PLOS_pgph.0000515_Table1,Ramalan et al. (2019),49,111,FALSE,TRUE,2019
34,Ogundare et al.,2026,2025,approx,South West,252,41.9,9.8,23.8,NA,NA,30.2,NA,NA,PubMed_42464075_BMCNutr2026,Ogundare et al. (2026),60,76,FALSE,FALSE,2025
35,Adegoke et al.,2026,2024.5,approx,South West,3620,41.3469543063774,NA,17.6,NA,NA,29.6,NA,NA,PubMed_42432471_BMCCardiovascDisord2026,Adegoke et al. (2026),637,1072,TRUE,FALSE,2024.5
36,Olatona et al.,2023,2016,exact,South West,302,30.4,9.69,17.3,NA,NA,24.8,NA,NA,PubMed_37545933_AfrHealthSci2023,Olatona et al. (2023),52,75,FALSE,FALSE,2016
37,Olawuyi and Adeoye,2018,2012,exact,South West,606,43,10.3,26.1,NA,NA,31.2,NA,NA,PubMed_PLOSONE_0203587_2018,Olawuyi and Adeoye (2018),158,189,FALSE,FALSE,2012
38,Adegoke et al.,2021,2017,exact,South West,5135,37.5,13.1,13.6,9.5,17.4,26.5,NA,NA,PubMed_33568712_SciRep2021,Adegoke et al. (2021),698,1361,FALSE,FALSE,2017
39,Osunkwo et al.,2021,2017,exact,North Central,1265,41.3469543063774,NA,13.5,NA,NA,22.1,NA,NA,PubMed_33727505_AnnAfrMed2021,Osunkwo et al. (2021),171,280,TRUE,FALSE,2017
40,Ide et al.,2025,2024,approx,South South,500,41.3469543063774,NA,24,NA,NA,33,NA,NA,AJOL_NJNS_288867_2025,Ide et al. (2025),120,165,TRUE,FALSE,2024
41,Bakari et al.,2007,NA,unknown,North West,317,41.3469543063774,NA,13.1,11.2,22,18.5,18.6,18,IntJDiabetesMetab_2007_UserPDF,Bakari et al. (2007),42,59,TRUE,TRUE,2007
42,Okafor et al.,2014,NA,unknown,Multi-zone,5392,40.6,14.3,17.2,13.4,22,31.1,29.3,32.8,NJCP_Okafor2014_UserPDF,Okafor et al. (2014),927,1677,FALSE,TRUE,2014
43,Gezawa et al.,2013,2008.5,exact,North East,1650,36.2,14.4,17.1,14.4,22.8,27.1,26.2,29.1,NigerJMed_2013_Gezawa_UserPDF,Gezawa et al. (2013),282,447,FALSE,FALSE,2008.5
44,Olatona et al.,2026,NA,unknown,North Central,304,32.9,8.9,16.45,11.11,27.84,31.58,27.54,40.21,BabcockUnivMedJ_2026_Olatona_UserPDF,Olatona et al. (2026),50,96,FALSE,TRUE,2026
