"study_id","author","pub_year","fieldwork_year","fieldwork_precision","zone","sample_size","mean_age","overweight_pct","overweight_m_pct","overweight_f_pct","obesity_pct","obesity_m_pct","obesity_f_pct","source"
1,"Ijoma et al.",2019,,"unknown","South East",605,44.5,29.4,28.3,30,19.5,7.9,24.9,"PLOS_pgph.0000515_Table1"
2,"Chukwuonye et al.",2015,,"unknown","South East",2928,41.7,28.2,28.8,27.7,12.3,7.8,16.4,"PLOS_pgph.0000515_Table1"
3,"Chigbu et al.",2018,,"unknown","South East",6628,41.3469543063774,19,,,6.8,,,"PLOS_pgph.0000515_Table1"
4,"Gladys et al.",2011,,"unknown","South East",218,41.3469543063774,,,,13.3,10.1,14.8,"PLOS_pgph.0000515_Table1"
5,"Ezeala-Adikaibe et al.",2016,,"unknown","South East",774,43.9,27.9,25.5,29.2,17.8,7.2,23.7,"PLOS_pgph.0000515_Table1"
6,"Fatai and Udoji",2015,,"unknown","South East",1521,43.98,31.2,32.3,29.8,26.9,19.6,36,"PLOS_pgph.0000515_Table1"
7,"Ijoma et al.",2020,2019,"exact","South East",210,51.24,28,27,28,10.9,10.9,10.9,"PLOS_pgph.0000515_Table1"
8,"Okafor et al.",2011,,"unknown","South East",898,48.7,37.8,,,21.2,,,"PLOS_pgph.0000515_Table1"
9,"Ulasi et al.",2010,,"unknown","South East",1458,43.8,31.6,,,17.3,,,"BMCHealthServRes_2010_10_71_UserPDF"
10,"Ulasi et al.",2013,,"unknown","South East",2182,43.7,31.9,,,14.9,,,"PLOS_pgph.0000515_Table1"
11,"Adienbo et al.",2012,,"unknown","South South",304,37.66,22.4,,,49.34,35.51,64.49,"PLOS_pgph.0000515_Table1"
12,"Nwafor et al.",2015,,"unknown","South South",250,41.3469543063774,41.2,15.2,26,16.4,5.6,10.8,"PLOS_pgph.0000515_Table1"
13,"Egbe et al.",2014,,"unknown","South South",1134,41.3469543063774,,,,27.4,22.3,34.2,"PLOS_pgph.0000515_Table1"
14,"Isara et al.",2015,,"unknown","South South",845,56.4,21.8,,,10.6,,,"PLOS_pgph.0000515_Table1"
15,"Ekpenyong et al.",2012,2009.5,"exact","South South",2780,41.3469543063774,,,,25,,,"PLOS_pgph.0000515_Table1"
16,"Chinedu et al.",2013,,"unknown","South West",489,41.3469543063774,31,,,18,,,"PLOS_pgph.0000515_Table1"
17,"Raimi and Dada",2018,,"unknown","South West",552,39.9,34.8,30.9,37.6,18.3,8.8,27.7,"PLOS_pgph.0000515_Table1"
18,"Oluyombo et al.",2015,,"unknown","South West",750,61.7,,,,8.5,,,"PLOS_pgph.0000515_Table1"
19,"Abiodun et al.",2014,,"unknown","South West",776,42.6,29.9,,,17.5,,,"PLOS_pgph.0000515_Table1"
20,"Oluyombo et al.",2016,,"unknown","South West",1083,55.1,,,,5.7,,,"PLOS_pgph.0000515_Table1"
21,"Amira et al.",2012,,"unknown","South West",1368,41.9,32.7,33.3,31.9,22.2,15.7,29.5,"PLOS_pgph.0000515_Table1"
22,"Akinwale et al.",2013,2011.6,"exact","South West",2434,41.3469543063774,36.2,,,19.1,,,"PLOS_pgph.0000515_Table1"
23,"Adebayo et al.",2014,,"unknown","South West",777,36.3,20.8,22.3,19,8.4,10.3,6.9,"PLOS_pgph.0000515_Table1"
24,"Asekun-Olarinmoye et al.",2013,,"unknown","South West",259,49.7,19.6,,,11.5,,,"PLOS_pgph.0000515_Table1"
25,"Etukumana et al.",2013,,"unknown","North Central",750,39.42,23.3,,,8,3.2,13.1,"PLOS_pgph.0000515_Table1"
26,"Sola et al.",2011,,"unknown","North Central",435,24.2,22,,,4,,,"PLOS_pgph.0000515_Table1"
27,"Adediran et al.",2012,,"unknown","North Central",229,41.3469543063774,32.3,,,22.3,8,36.2,"PLOS_pgph.0000515_Table1"
28,"Oyeyemi et al.",2012,,"unknown","North East",1818,32.3,22.8,,,8.1,,,"PLOS_pgph.0000515_Table1"
29,"Adedoyin et al.",2012,,"unknown","North East",1004,41.5,15.4,,,3.8,,,"PLOS_pgph.0000515_Table1"
30,"Wahab et al.",2011,2006,"exact","North West",300,37.6,53.3,41.9,62,21,9.3,29.8,"PLOS_pgph.0000515_Table1"
31,"Dahiru and Ejembi",2013,,"unknown","North West",199,39.9,26.9,,,7,,,"PLOS_pgph.0000515_Table1"
32,"Makusidi et al.",2013,,"unknown","North West",535,37,12.3,,,6.7,,,"PLOS_pgph.0000515_Table1"
33,"Ramalan et al.",2019,,"unknown","North West",532,38.9,20.9,15.4,24.4,9.2,4.3,13.6,"PLOS_pgph.0000515_Table1"
34,"Ogundare et al.",2026,2025,"approx","South West",252,41.9,30.2,,,23.8,,,"PubMed_42464075_BMCNutr2026"
35,"Adegoke et al.",2026,2024.5,"approx","South West",3620,41.3469543063774,29.6,,,17.6,,,"PubMed_42432471_BMCCardiovascDisord2026"
36,"Olatona et al.",2023,2016,"exact","South West",302,30.4,24.8,,,17.3,,,"PubMed_37545933_AfrHealthSci2023"
37,"Olawuyi and Adeoye",2018,2012,"exact","South West",606,43,31.2,,,26.1,,,"PubMed_PLOSONE_0203587_2018"
38,"Adegoke et al.",2021,2017,"exact","South West",5135,37.5,26.5,,,13.6,9.5,17.4,"PubMed_33568712_SciRep2021"
39,"Osunkwo et al.",2021,2017,"exact","North Central",1265,41.3469543063774,22.1,,,13.5,,,"PubMed_33727505_AnnAfrMed2021"
40,"Ide et al.",2025,2024,"approx","South South",500,41.3469543063774,33,,,24,,,"AJOL_NJNS_288867_2025"
41,"Bakari et al.",2007,,"unknown","North West",317,41.3469543063774,18.5,18.6,18,13.1,11.2,22,"IntJDiabetesMetab_2007_UserPDF"
42,"Okafor et al.",2014,,"unknown","Multi-zone",5392,40.6,31.1,29.3,32.8,17.2,13.4,22,"NJCP_Okafor2014_UserPDF"
43,"Gezawa et al.",2013,2008.5,"exact","North East",1650,36.2,27.1,26.2,29.1,17.1,14.4,22.8,"NigerJMed_2013_Gezawa_UserPDF"
44,"Olatona et al.",2026,,"unknown","North Central",304,32.9,31.58,27.54,40.21,16.45,11.11,27.84,"BabcockUnivMedJ_2026_Olatona_UserPDF"
