study_id,author,pub_year,fieldwork_year,fieldwork_precision,zone,sample_size,mean_age,age_sd,obesity_pct,obesity_m_pct,obesity_f_pct,overweight_pct,overweight_m_pct,overweight_f_pct,source
1,"Ijoma et al.",2019,,unknown,South East,605,44.5,,19.5,7.9,24.9,29.4,28.3,30.0,PLOS_pgph.0000515_Table1
2,"Chukwuonye et al.",2015,,unknown,South East,2928,41.7,18.5,12.3,7.8,16.4,28.2,28.8,27.7,PLOS_pgph.0000515_Table1
3,"Chigbu et al.",2018,,unknown,South East,6628,,,6.8,,,19.0,,,PLOS_pgph.0000515_Table1
4,"Gladys et al.",2011,,unknown,South East,218,,,13.3,10.1,14.8,,,,PLOS_pgph.0000515_Table1
5,"Ezeala-Adikaibe et al.",2016,,unknown,South East,774,43.9,,17.8,7.2,23.7,27.9,25.5,29.2,PLOS_pgph.0000515_Table1
6,"Fatai and Udoji",2015,,unknown,South East,1521,43.98,,26.9,19.6,36.0,31.2,32.3,29.8,PLOS_pgph.0000515_Table1
7,"Ijoma et al.",2020,2019,exact,South East,210,51.24,16.24,10.9,10.9,10.9,28.0,27.0,28.0,PLOS_pgph.0000515_Table1
8,"Okafor et al.",2011,,unknown,South East,898,48.7,12.9,21.2,,,37.8,,,PLOS_pgph.0000515_Table1
9,"Ulasi et al.",2010,,unknown,South East,1458,43.8,13.7,17.3,,,31.6,,,BMCHealthServRes_2010_10_71_UserPDF
10,"Ulasi et al.",2013,,unknown,South East,2182,43.7,13.2,14.9,,,31.9,,,PLOS_pgph.0000515_Table1
11,"Adienbo et al.",2012,,unknown,South South,304,37.66,14.94,49.34,35.51,64.49,22.4,,,PLOS_pgph.0000515_Table1
12,"Nwafor et al.",2015,,unknown,South South,250,,,16.4,5.6,10.8,41.2,15.2,26.0,PLOS_pgph.0000515_Table1
13,"Egbe et al.",2014,,unknown,South South,1134,,,27.4,22.3,34.2,,,,PLOS_pgph.0000515_Table1
14,"Isara et al.",2015,,unknown,South South,845,56.4,16.3,10.6,,,21.8,,,PLOS_pgph.0000515_Table1
15,"Ekpenyong et al.",2012,2009.5,exact,South South,2780,,,25.0,,,,,,PLOS_pgph.0000515_Table1
16,"Chinedu et al.",2013,,unknown,South West,489,,,18.0,,,31.0,,,PLOS_pgph.0000515_Table1
17,"Raimi and Dada",2018,,unknown,South West,552,39.9,15.5,18.3,8.8,27.7,34.8,30.9,37.6,PLOS_pgph.0000515_Table1
18,"Oluyombo et al.",2015,,unknown,South West,750,61.7,18.2,8.5,,,,,,PLOS_pgph.0000515_Table1
19,"Abiodun et al.",2014,,unknown,South West,776,42.6,14.3,17.5,,,29.9,,,PLOS_pgph.0000515_Table1
20,"Oluyombo et al.",2016,,unknown,South West,1083,55.1,19.9,5.7,,,,,,PLOS_pgph.0000515_Table1
21,"Amira et al.",2012,,unknown,South West,1368,41.9,12.9,22.2,15.7,29.5,32.7,33.3,31.9,PLOS_pgph.0000515_Table1
22,"Akinwale et al.",2013,2011.6,exact,South West,2434,,,19.1,,,36.2,,,PLOS_pgph.0000515_Table1
23,"Adebayo et al.",2014,,unknown,South West,777,36.3,14.3,8.4,10.3,6.9,20.8,22.3,19.0,PLOS_pgph.0000515_Table1
24,"Asekun-Olarinmoye et al.",2013,,unknown,South West,259,49.7,1.6,11.5,,,19.6,,,PLOS_pgph.0000515_Table1
25,"Etukumana et al.",2013,,unknown,North Central,750,39.42,16.17,8.0,3.2,13.1,23.3,,,PLOS_pgph.0000515_Table1
26,"Sola et al.",2011,,unknown,North Central,435,24.2,0.2,4.0,,,22.0,,,PLOS_pgph.0000515_Table1
27,"Adediran et al.",2012,,unknown,North Central,229,,,22.3,8.0,36.2,32.3,,,PLOS_pgph.0000515_Table1
28,"Oyeyemi et al.",2012,,unknown,North East,1818,32.3,10.0,8.1,,,22.8,,,PLOS_pgph.0000515_Table1
29,"Adedoyin et al.",2012,,unknown,North East,1004,41.5,13.5,3.8,,,15.4,,,PLOS_pgph.0000515_Table1
30,"Wahab et al.",2011,2006,exact,North West,300,37.6,10.6,21.0,9.3,29.8,53.3,41.9,62.0,PLOS_pgph.0000515_Table1
31,"Dahiru and Ejembi",2013,,unknown,North West,199,39.9,15.6,7.0,,,26.9,,,PLOS_pgph.0000515_Table1
32,"Makusidi et al.",2013,,unknown,North West,535,37.0,17.0,6.7,,,12.3,,,PLOS_pgph.0000515_Table1
33,"Ramalan et al.",2019,,unknown,North West,532,38.9,15.9,9.2,4.3,13.6,20.9,15.4,24.4,PLOS_pgph.0000515_Table1
34,"Ogundare et al.",2026,2025,approx,South West,252,41.9,9.8,23.8,,,30.2,,,PubMed_42464075_BMCNutr2026
35,"Adegoke et al.",2026,2024.5,approx,South West,3620,,,17.6,,,29.6,,,PubMed_42432471_BMCCardiovascDisord2026
36,"Olatona et al.",2023,2016,exact,South West,302,30.40,9.69,17.3,,,24.8,,,PubMed_37545933_AfrHealthSci2023
37,"Olawuyi and Adeoye",2018,2012,exact,South West,606,43.0,10.3,26.1,,,31.2,,,PubMed_PLOSONE_0203587_2018
38,"Adegoke et al.",2021,2017,exact,South West,5135,37.5,13.1,13.6,9.5,17.4,26.5,,,PubMed_33568712_SciRep2021
39,"Osunkwo et al.",2021,2017,exact,North Central,1265,,,13.5,,,22.1,,,PubMed_33727505_AnnAfrMed2021
40,"Ide et al.",2025,2024,approx,South South,500,,,24.0,,,33.0,,,AJOL_NJNS_288867_2025
41,"Bakari et al.",2007,,unknown,North West,317,,,13.1,11.2,22.0,18.5,18.6,18.0,IntJDiabetesMetab_2007_UserPDF
42,"Okafor et al.",2014,,unknown,Multi-zone,5392,40.6,14.3,17.2,13.4,22.0,31.1,29.3,32.8,NJCP_Okafor2014_UserPDF
43,"Gezawa et al.",2013,2008.5,exact,North East,1650,36.2,14.4,17.1,14.4,22.8,27.1,26.2,29.1,NigerJMed_2013_Gezawa_UserPDF
44,"Olatona et al.",2026,,unknown,North Central,304,32.9,8.9,16.45,11.11,27.84,31.58,27.54,40.21,BabcockUnivMedJ_2026_Olatona_UserPDF
